 Department of Commerce ,,,,,,,,,,,,,,,,,,,,,,,,,,,,,,,,,,,
 Export Import Data Bank ,,,,,,,,,,,,,,,,,,,,,,,,,,,,,,,,,,,
 Export :: Country-wise ,,,,,,,,,,,,,,,,,,,,,,,,,,,,,,,,,,,
 S.No. , Country ,2008-2009, %Share ,2009-2010, %Share , 2010-2011 , %Share , 2011-2012 , %Share , 2012-2013 , %Share , 2013-2014 , %Share , 2014-2015 , %Share , 2015-2016 , %Share , 2016-2017 , %Share , 2017-2018 , %Share , 2018-2019 , %Share , 2019-2020 , %Share , 2020-2021 , %Share , 2021-2022 , %Share , 2022-2023 , %Share , 2023-2024 , %Share , 2024-2025 , %Share 
 1 , AFGHANISTAN ,182344.16, 0 ,220362.72, 0 ," 192,084 ", 0 ," 242,912 ", 0 ," 256,914 ", 0 ," 287,888 ", 0 ," 258,130 ", 0 ," 343,603 ", 0 ," 339,682 ", 0 ," 457,689 ", 0 ," 499,237 ", 0 ," 708,458 ", 0 ," 610,620 ", 0 ," 412,904 ", 0 ," 349,498 ", 0 ," 294,271 ", 0 ," 52,979 ", 0 
 2 , ALBANIA ,5589.70, 0 ,4027.54, 0 ," 5,227 ", 0 ," 6,067 ", 0 ," 9,516 ", 0 ," 11,452 ", 0 ," 11,864 ", 0 ," 15,761 ", 0 ," 17,712 ", 0 ," 18,900 ", 0 ," 25,842 ", 0 ," 31,305 ", 0 ," 34,619 ", 0 ," 41,040 ", 0 ," 282,091 ", 0 ," 955,574 ", 0 ," 10,653 ", 0 
 3 , ALGERIA ,299636.27, 0 ,273710.63, 0 ," 355,787 ", 0 ," 399,230 ", 0 ," 593,470 ", 0 ," 645,014 ", 0 ," 649,379 ", 0 ," 513,489 ", 0 ," 564,344 ", 0 ," 530,692 ", 0 ," 657,529 ", 0 ," 431,687 ", 0 ," 439,810 ", 0 ," 523,801 ", 0 ," 493,477 ", 0 ," 702,538 ", 0 ," 119,886 ", 0 
 4 , AMERI SAMOA ,58.26, 0 ,40.45, -   , 93 , 0 , 975 , 0 , 199 , 0 , 31 , -   , 117 , 0 , 100 , 0 , 52 , -   , 200 , 0 , 18 , -   , 91 , -   , 433 , 0 , 578 , 0 , 23 , -   ," 3,440 ", 0 , 814 , 0 
 5 , ANDORRA ,412.37, 0 ,96.49, 0 , 120 , 0 , 125 , 0 , 59 , -   , 74 , -   , 156 , 0 , 77 , -   , 97 , 0 ," 3,076 ", 0 , 232 , 0 , 55 , -   , 15 , -   , 37 , -   , 181 , 0 , 262 , 0 ,,
 6 , ANGOLA ,170381.68, 0 ,300573.43, 0 ," 306,051 ", 0 ," 220,532 ", 0 ," 265,962 ", 0 ," 326,612 ", 0 ," 337,766 ", 0 ," 145,440 ", 0 ," 103,721 ", 0 ," 151,361 ", 0 ," 197,413 ", 0 ," 201,922 ", 0 ," 192,123 ", 0 ," 337,798 ", 0 ," 499,169 ", 0 ," 578,304 ", 0 ," 62,786 ", 0 
 7 , ANGUILLA ,39.04, -   ,23.20, -   , 77 , 0 , 54 , -   , 79 , -   , 14 , -   , 30 , -   , 10 , -   , 28 , -   , 324 , 0 , 113 , -   , 32 , -   , 38 , -   , 68 , -   , 34 , -   , 220 , 0 , 19 , -   
 8 , ANTARTICA ,,,47.57, 0 , 77 , 0 , 31 , -   , 93 , 0 , 37 , -   , 2 , -   , 1 , -   ,,, 65 , -   , 2 , -   , 15 , -   , 769 , 0 , 56 , -   , 84 , -   , 215 , 0 , 3 , -   
 9 , ANTIGUA ,1314.82, 0 ,692.58, 0 , 429 , 0 , 418 , 0 , 738 , 0 ," 1,340 ", 0 ," 1,279 ", 0 ," 1,680 ", 0 ," 1,328 ", 0 ," 1,395 ", 0 ," 1,887 ", 0 ," 1,550 ", 0 ," 1,191 ", 0 ," 1,846 ", 0 ," 2,340 ", 0 ," 12,342 ", 0 , 806 , 0 
 10 , ARGENTINA ,160966.71, 0 ,127646.97, 0 ," 184,270 ", 0 ," 227,644 ", 0 ," 294,094 ", 0 ," 370,833 ", 0 ," 281,084 ", 0 ," 350,982 ", 0 ," 342,382 ", 0 ," 456,703 ", 0 ," 391,033 ", 0 ," 542,862 ", 0 ," 508,762 ", 0 ," 1,066,132 ", 0 ," 766,711 ", 0 ," 899,052 ", 0 ," 145,477 ", 0 
 11 , ARMENIA ,9221.80, 0 ,8755.04, 0 ," 8,996 ", 0 ," 18,382 ", 0 ," 22,043 ", 0 ," 44,205 ", 0 ," 56,036 ", 0 ," 15,002 ", 0 ," 20,327 ", 0 ," 21,462 ", 0 ," 18,076 ", 0 ," 28,605 ", 0 ," 51,462 ", 0 ," 20,437 ", 0 ," 49,566 ", 0 ," 78,814 ", 0 ," 24,815 ", 0 
 12 , ARUBA ,900.86, 0 ,699.95, 0 , 680 , 0 ," 1,274 ", 0 ," 1,569 ", 0 ," 2,014 ", 0 ," 2,379 ", 0 ," 4,546 ", 0 ," 5,307 ", 0 ," 4,153 ", 0 ," 6,748 ", 0 ," 7,003 ", 0 ," 2,069 ", 0 ," 4,639 ", 0 ," 11,813 ", 0 ," 12,232 ", 0 ," 1,562 ", 0 
 13 , AUSTRALIA ,657633.39, 1 ,655895.11, 1 ," 780,298 ", 1 ," 1,199,022 ", 1 ," 1,279,380 ", 1 ," 1,395,849 ", 1 ," 1,700,121 ", 1 ," 2,133,080 ", 1 ," 1,982,786 ", 1 ," 2,585,652 ", 1 ," 2,456,009 ", 1 ," 2,019,789 ", 1 ," 2,992,764 ", 1 ," 6,184,105 ", 2 ," 5,555,483 ", 2 ," 6,566,764 ", 2 ," 858,060 ", 1 
 14 , AUSTRIA ,232281.02, 0 ,120039.04, 0 ," 269,235 ", 0 ," 163,132 ", 0 ," 178,811 ", 0 ," 203,707 ", 0 ," 221,800 ", 0 ," 222,763 ", 0 ," 256,860 ", 0 ," 296,473 ", 0 ," 337,375 ", 0 ," 322,885 ", 0 ," 335,433 ", 0 ," 420,511 ", 0 ," 1,017,757 ", 0 ," 941,251 ", 0 ," 228,775 ", 0 
 15 , AZERBAIJAN ,15910.20, 0 ,14202.10, 0 ," 17,528 ", 0 ," 34,982 ", 0 ," 47,495 ", 0 ," 74,670 ", 0 ," 67,597 ", 0 ," 21,822 ", 0 ," 27,054 ", 0 ," 21,714 ", 0 ," 30,627 ", 0 ," 37,606 ", 0 ," 37,622 ", 0 ," 27,149 ", 0 ," 81,373 ", 0 ," 74,290 ", 0 ," 11,918 ", 0 
 16 , BAHAMAS ,1034.54, 0 ,411243.13, 0 ," 993,038 ", 1 ," 1,056,149 ", 1 ," 1,449,977 ", 1 ," 130,219 ", 0 ," 73,343 ", 0 ," 7,892 ", 0 ," 3,982 ", 0 ," 5,204 ", 0 ," 4,258 ", 0 ," 43,132 ", 0 ," 3,373 ", 0 ," 6,012 ", 0 ," 10,344 ", 0 ," 88,348 ", 0 ," 1,217 ", 0 
 17 , BAHARAIN IS ,131407.49, 0 ,118507.43, 0 ," 293,277 ", 0 ," 211,834 ", 0 ," 328,367 ", 0 ," 376,321 ", 0 ," 289,651 ", 0 ," 425,940 ", 0 ," 316,259 ", 0 ," 358,885 ", 0 ," 521,482 ", 0 ," 396,962 ", 0 ," 390,363 ", 0 ," 670,605 ", 0 ," 778,780 ", 0 ," 754,173 ", 0 ," 111,940 ", 0 
 18 , BANGLADESH PR ,1131721.47, 1 ,1150106.83, 1 ," 1,475,248 ", 1 ," 1,838,669 ", 1 ," 2,798,258 ", 2 ," 3,741,126 ", 2 ," 3,944,038 ", 2 ," 3,952,726 ", 2 ," 4,574,044 ", 2 ," 5,553,699 ", 3 ," 6,439,152 ", 3 ," 5,817,661 ", 3 ," 7,150,929 ", 3 ," 12,053,473 ", 4 ," 9,778,451 ", 3 ," 9,161,333 ", 3 ," 1,488,646 ", 2 
 19 , BARBADOS ,1761.65, 0 ,2041.99, 0 ," 2,482 ", 0 ," 3,616 ", 0 ," 3,193 ", 0 ," 3,896 ", 0 ," 6,240 ", 0 ," 6,896 ", 0 ," 8,294 ", 0 ," 8,217 ", 0 ," 8,708 ", 0 ," 9,043 ", 0 ," 8,200 ", 0 ," 12,079 ", 0 ," 19,253 ", 0 ," 15,595 ", 0 ," 5,038 ", 0 
 20 , BELARUS ,16350.95, 0 ,17968.98, 0 ," 16,496 ", 0 ," 59,739 ", 0 ," 30,111 ", 0 ," 32,544 ", 0 ," 29,369 ", 0 ," 23,474 ", 0 ," 26,930 ", 0 ," 30,690 ", 0 ," 38,997 ", 0 ," 39,502 ", 0 ," 46,137 ", 0 ," 48,683 ", 0 ," 35,192 ", 0 ," 36,288 ", 0 ," 6,563 ", 0 
 21 , BELGIUM ,2030939.59, 2 ,1775704.94, 2 ," 2,634,704 ", 2 ," 3,420,615 ", 2 ," 2,992,640 ", 2 ," 3,868,686 ", 2 ," 3,371,799 ", 2 ," 3,295,875 ", 2 ," 3,791,504 ", 2 ," 4,000,725 ", 2 ," 4,700,768 ", 2 ," 4,116,420 ", 2 ," 3,868,278 ", 2 ," 7,522,465 ", 2 ," 7,099,803 ", 2 ," 6,487,206 ", 2 ," 873,490 ", 1 
 22 , BELIZE ,1312.25, 0 ,1168.78, 0 ," 6,525 ", 0 ," 12,549 ", 0 ," 12,809 ", 0 ," 13,402 ", 0 ," 14,970 ", 0 ," 9,513 ", 0 ," 10,223 ", 0 ," 8,684 ", 0 ," 11,886 ", 0 ," 10,106 ", 0 ," 6,965 ", 0 ," 11,382 ", 0 ," 12,837 ", 0 ," 11,146 ", 0 ," 1,959 ", 0 
 23 , BENIN ,93677.50, 0 ,104637.95, 0 ," 119,940 ", 0 ," 308,301 ", 0 ," 260,476 ", 0 ," 463,642 ", 0 ," 303,851 ", 0 ," 279,795 ", 0 ," 300,125 ", 0 ," 308,926 ", 0 ," 298,715 ", 0 ," 229,744 ", 0 ," 410,245 ", 0 ," 534,781 ", 0 ," 720,409 ", 0 ," 621,582 ", 0 ," 133,101 ", 0 
 24 , BERMUDA ,351.17, 0 ,390.76, 0 , 411 , 0 , 481 , 0 , 734 , 0 ," 1,574 ", 0 ," 1,668 ", 0 ," 1,691 ", 0 ," 2,819 ", 0 ," 2,008 ", 0 ," 2,204 ", 0 ," 1,759 ", 0 ," 3,311 ", 0 ," 4,125 ", 0 ," 4,052 ", 0 ," 5,038 ", 0 , 614 , 0 
 25 , BHUTAN ,50927.26, 0 ,56085.31, 0 ," 80,152 ", 0 ," 110,440 ", 0 ," 126,739 ", 0 ," 215,495 ", 0 ," 205,103 ", 0 ," 306,808 ", 0 ," 341,354 ", 0 ," 352,002 ", 0 ," 459,133 ", 0 ," 523,529 ", 0 ," 519,322 ", 0 ," 660,459 ", 0 ," 866,258 ", 0 ," 797,994 ", 0 ," 155,901 ", 0 
 26 , BOLIVIA ,4382.33, 0 ,4617.34, 0 ," 7,144 ", 0 ," 12,072 ", 0 ," 31,193 ", 0 ," 32,033 ", 0 ," 43,314 ", 0 ," 48,653 ", 0 ," 53,259 ", 0 ," 67,857 ", 0 ," 73,488 ", 0 ," 80,389 ", 0 ," 69,620 ", 0 ," 87,736 ", 0 ," 61,950 ", 0 ," 59,066 ", 0 ," 11,044 ", 0 
 27 , BOSNIA-HRZGOVIN ,2449.17, 0 ,1279.94, 0 ," 1,450 ", 0 ," 2,798 ", 0 ," 3,762 ", 0 ," 7,041 ", 0 ," 10,927 ", 0 ," 12,948 ", 0 ," 8,794 ", 0 ," 9,914 ", 0 ," 11,914 ", 0 ," 10,848 ", 0 ," 11,161 ", 0 ," 12,679 ", 0 ," 13,886 ", 0 ," 24,217 ", 0 ," 2,114 ", 0 
 28 , BOTSWANA ,11704.04, 0 ,10426.09, 0 ," 15,288 ", 0 ," 24,181 ", 0 ," 28,005 ", 0 ," 33,226 ", 0 ," 27,079 ", 0 ," 34,149 ", 0 ," 51,686 ", 0 ," 69,840 ", 0 ," 125,352 ", 0 ," 126,532 ", 0 ," 127,412 ", 0 ," 207,736 ", 0 ," 135,225 ", 0 ," 90,421 ", 0 ," 30,713 ", 0 
 29 , BR VIRGN IS ,17119.26, 0 ,38970.64, 0 , 189 , 0 , 479 , 0 , 300 , 0 , 243 , 0 , 405 , 0 , 554 , 0 , 276 , 0 , 492 , 0 ," 7,263 ", 0 , 351 , 0 , 188 , 0 , 267 , 0 , 366 , 0 , 529 , 0 , 262 , 0 
 30 , BRAZIL ,1187440.98, 1 ,1136483.36, 1 ," 1,833,586 ", 2 ," 2,757,688 ", 2 ," 3,287,202 ", 2 ," 3,387,064 ", 2 ," 3,634,024 ", 2 ," 1,726,086 ", 1 ," 1,609,748 ", 1 ," 1,974,731 ", 1 ," 2,661,743 ", 1 ," 2,811,824 ", 1 ," 3,136,034 ", 1 ," 4,834,956 ", 2 ," 7,960,684 ", 2 ," 4,980,913 ", 1 ," 1,027,996 ", 2 
 31 , BRUNEI ,7994.52, 0 ,11605.02, 0 ," 10,525 ", 0 ," 406,236 ", 0 ," 21,830 ", 0 ," 19,611 ", 0 ," 25,609 ", 0 ," 18,573 ", 0 ," 28,721 ", 0 ," 40,713 ", 0 ," 39,346 ", 0 ," 40,907 ", 0 ," 46,469 ", 0 ," 32,169 ", 0 , 22 , -   ,,," 6,312 ", 0 
 32 , BULGARIA ,33011.76, 0 ,24128.28, 0 ," 31,737 ", 0 ," 52,059 ", 0 ," 85,393 ", 0 ," 101,802 ", 0 ," 163,556 ", 0 ," 94,946 ", 0 ," 160,506 ", 0 ," 111,677 ", 0 ," 147,874 ", 0 ," 112,420 ", 0 ," 126,032 ", 0 ," 184,187 ", 0 ," 55,772 ", 0 ," 55,800 ", 0 ," 33,115 ", 0 
 33 , BURKINA FASO ,21960.15, 0 ,17337.36, 0 ," 20,830 ", 0 ," 40,626 ", 0 ," 46,830 ", 0 ," 62,445 ", 0 ," 68,849 ", 0 ," 71,611 ", 0 ," 77,113 ", 0 ," 95,653 ", 0 ," 127,193 ", 0 ," 109,075 ", 0 ," 153,836 ", 0 ," 146,552 ", 0 ," 170,058 ", 0 ," 185,187 ", 0 ," 18,286 ", 0 
 34 , BURUNDI ,6494.28, 0 ,5964.60, 0 ," 7,342 ", 0 ," 11,666 ", 0 ," 17,720 ", 0 ," 18,550 ", 0 ," 19,256 ", 0 ," 19,000 ", 0 ," 24,027 ", 0 ," 24,546 ", 0 ," 34,080 ", 0 ," 41,436 ", 0 ," 47,468 ", 0 ," 45,052 ", 0 ," 141,940 ", 0 ," 99,983 ", 0 ," 5,407 ", 0 
 35 , C AFRI REP ,1122.73, 0 ,2409.50, 0 ," 1,597 ", 0 ," 3,052 ", 0 ," 4,584 ", 0 ," 4,615 ", 0 ," 4,736 ", 0 ," 6,055 ", 0 ," 6,898 ", 0 ," 19,251 ", 0 ," 19,131 ", 0 ," 39,527 ", 0 ," 17,567 ", 0 ," 15,044 ", 0 ," 34,539 ", 0 ," 31,805 ", 0 ," 2,590 ", 0 
 36 , CAMBODIA ,21507.71, 0 ,21553.19, 0 ," 30,483 ", 0 ," 47,753 ", 0 ," 60,999 ", 0 ," 85,809 ", 0 ," 87,410 ", 0 ," 93,502 ", 0 ," 70,496 ", 0 ," 78,293 ", 0 ," 137,082 ", 0 ," 133,177 ", 0 ," 124,752 ", 0 ," 148,094 ", 0 ," 16,583 ", 0 ," 54,003 ", 0 ," 25,393 ", 0 
 37 , CAMEROON ,42335.75, 0 ,36388.98, 0 ," 55,158 ", 0 ," 95,134 ", 0 ," 136,482 ", 0 ," 157,036 ", 0 ," 152,553 ", 0 ," 124,568 ", 0 ," 99,824 ", 0 ," 125,015 ", 0 ," 124,948 ", 0 ," 162,125 ", 0 ," 206,335 ", 0 ," 300,937 ", 0 ," 177,043 ", 0 ," 153,434 ", 0 ," 78,818 ", 0 
 38 , CANADA ,624678.79, 1 ,532057.94, 1 ," 613,989 ", 1 ," 992,374 ", 1 ," 1,108,246 ", 1 ," 1,234,404 ", 1 ," 1,343,068 ", 1 ," 1,320,680 ", 1 ," 1,343,585 ", 1 ," 1,615,354 ", 1 ," 1,993,563 ", 1 ," 2,021,484 ", 1 ," 2,191,316 ", 1 ," 2,807,082 ", 1 ," 448,318 ", 0 ," 375,987 ", 0 ," 536,225 ", 1 
 39 , CANARY IS ,,,27.25, -   , 64 , 0 , 3 , -   , 4 , -   , 2 , -   , 11 , -   ,,, 840 , 0 , 953 , 0 ," 1,111 ", 0 ," 1,542 ", 0 ," 2,453 ", 0 ," 4,674 ", 0 ," 3,293,897 ", 1 ," 3,183,685 ", 1 , 542 , 0 
 40 , CAPE VERDE IS ,175.76, 0 ,330.17, 0 , 226 , 0 , 220 , 0 , 513 , 0 , 870 , 0 ," 2,502 ", 0 , 937 , 0 ," 3,180 ", 0 ," 2,594 ", 0 ," 3,047 ", 0 ," 4,698 ", 0 ," 3,188 ", 0 ," 4,945 ", 0 ," 3,600 ", 0 ," 2,612 ", 0 ," 55,013 ", 0 
 41 , CAYMAN IS ,265.85, 0 ,376.82, 0 , 130 , 0 , 449 , 0 , 210 , 0 ," 1,937 ", 0 ," 4,030 ", 0 ," 2,337 ", 0 ," 25,804 ", 0 ," 17,598 ", 0 ," 26,314 ", 0 ," 41,728 ", 0 ," 43,786 ", 0 ," 39,456 ", 0 ," 4,566 ", 0 ," 5,900 ", 0 ," 14,916 ", 0 
 42 , CHAD ,7188.97, 0 ,3269.72, 0 ," 5,441 ", 0 ," 18,848 ", 0 ," 25,203 ", 0 ," 20,156 ", 0 ," 24,931 ", 0 ," 28,350 ", 0 ," 452,188 ", 0 ," 492,191 ", 0 ," 691,209 ", 0 ," 561,174 ", 0 ," 595,017 ", 0 ," 880,788 ", 0 ," 46,303 ", 0 ," 66,195 ", 0 ," 136,398 ", 0 
 43 , CHANNEL IS ,22.18, -   ,,," 231,337 ", 0 , 9 , -   , 32 , -   , 10 , -   , 0 , -   ,,," 6,825,092 ", 4 ," 8,599,430 ", 4 ," 11,728,911 ", 5 ," 11,767,331 ", 5 ," 15,720,159 ", 7 ," 15,821,548 ", 5 ," 936,922 ", 0 ," 979,460 ", 0 ," 2,135,706 ", 3 
 44 , CHILE ,177677.13, 0 ,131888.43, 0 ," 6,431,514 ", 6 ," 251,439 ", 0 ," 375,900 ", 0 ," 402,825 ", 0 ," 346,116 ", 0 ," 445,108 ", 0 , 13 , -   ,,,,, 3 , -   ,,, 5 , -   ," 12,277,399 ", 3 ," 13,796,645 ", 4 ,,
 45 , CHINA P RP ,4266133.36, 5 ,5471392.87, 6 , 534 , 0 ," 8,747,082 ", 6 ," 7,352,956 ", 4 ," 9,056,109 ", 5 ," 7,303,043 ", 4 ," 5,893,941 ", 3 ," 525,985 ", 0 ," 605,415 ", 0 ," 781,088 ", 0 ," 739,769 ", 0 , 0 , -   ,,,,, 3 , -   ,,
 46 , CHRISTMAS IS. ,96.56, 0 ,741.68, 0 , 422 , 0 , 9 , -   , 15 , -   , 4 , -   , 6 , -   ,,," 13,911 ", 0 ," 19,157 ", 0 ," 13,452 ", 0 ," 13,384 ", 0 ," 638,460 ", 0 ," 1,026,658 ", 0 , 10 , -   , 11 , -   ," 188,796 ", 0 
 47 , COCOS IS ,0.72, -   ,2.97, -   ," 255,502 ", 0 , 389 , 0 , 27 , -   , 3 , -   ," 676,248 ", 0 ," 579,540 ", 0 ," 133,524 ", 0 ," 145,082 ", 0 ," 212,269 ", 0 ," 250,052 ", 0 ," 13,491 ", 0 ," 17,207 ", 0 ," 1,158,747 ", 0 ," 1,009,130 ", 0 ," 3,223 ", 0 
 48 , COLOMBIA ,168762.56, 0 ,184004.33, 0 ," 3,922 ", 0 ," 429,357 ", 0 ," 496,578 ", 0 ," 611,532 ", 0 ," 10,845 ", 0 ," 11,167 ", 0 ," 90,969 ", 0 ," 75,222 ", 0 ," 93,316 ", 0 ," 80,060 ", 0 ," 317,983 ", 0 ," 423,430 ", 0 ," 32,289 ", 0 ," 23,162 ", 0 ," 74,850 ", 0 
 49 , COMOROS ,11732.01, 0 ,4396.85, 0 ," 3,058 ", 0 ," 5,278 ", 0 ," 11,256 ", 0 ," 8,242 ", 0 ," 155,943 ", 0 ," 208,516 ", 0 , 100 , 0 , 115 , 0 , 188 , 0 , 222 , 0 ," 81,208 ", 0 ," 120,170 ", 0 ," 506,600 ", 0 ," 480,453 ", 0 ," 16,892 ", 0 
 50 , CONGO D. REP. ,7048.26, 0 ,4719.24, 0 ," 110,032 ", 0 ," 3,501 ", 0 ," 80,409 ", 0 ," 109,910 ", 0 ," 155,250 ", 0 ," 108,921 ", 0 ," 106,857 ", 0 ," 86,051 ", 0 ," 95,310 ", 0 ," 89,797 ", 0 , 53 , -   , 30 , -   ," 143,741 ", 0 ," 145,815 ", 0 , 38 , 0 
 51 , CONGO P REP ,96329.64, 0 ,93001.51, 0 , 19 , -   ," 163,664 ", 0 ," 108,264 ", 0 ," 127,546 ", 0 , 196 , 0 , 33 , -   ," 281,167 ", 0 ," 329,774 ", 0 ," 314,652 ", 0 ," 294,060 ", 0 ," 84,385 ", 0 ," 109,968 ", 0 , 110 , -   , 190 , 0 ," 29,147 ", 0 
 52 , COOK IS ,60.00, 0 ,13.80, -   ," 27,947 ", 0 , 56 , -   , 25 , -   , 56 , -   ," 58,645 ", 0 ," 88,390 ", 0 ," 83,111 ", 0 ," 108,704 ", 0 ," 107,435 ", 0 ," 104,320 ", 0 ," 433,113 ", 0 ," 542,891 ", 0 ," 154,745 ", 0 ," 152,145 ", 0 ," 136,150 ", 0 
 53 , COSTA RICA ,15711.43, 0 ,15291.43, 0 ," 42,902 ", 0 ," 31,619 ", 0 ," 40,521 ", 0 ," 49,246 ", 0 ," 189,742 ", 0 ," 260,227 ", 0 ," 27,961 ", 0 ," 26,951 ", 0 ," 24,432 ", 0 ," 33,653 ", 0 ," 104,975 ", 0 ," 370,028 ", 0 ," 715,414 ", 0 ," 567,330 ", 0 ," 33,490 ", 0 
 54 , COTE D' IVOIRE ,43288.06, 0 ,57793.45, 0 ," 44,468 ", 0 ," 139,751 ", 0 ," 215,416 ", 0 ," 181,441 ", 0 ," 108,319 ", 0 ," 73,670 ", 0 ,,, 0 , -   ," 49,466 ", 0 ," 308,907 ", 0 ," 15,095 ", 0 ," 19,720 ", 0 ," 268,759 ", 0 ," 193,148 ", 0 ," 1,325 ", 0 
 55 , CROATIA ,39161.66, 0 ,42375.39, 0 ," 11,627 ", 0 ," 54,953 ", 0 ," 72,678 ", 0 ," 84,231 ", 0 ," 22,828 ", 0 ," 35,325 ", 0 ," 48,036 ", 0 ," 64,629 ", 0 ," 300,326 ", 0 ," 351,948 ", 0 ," 66,830 ", 0 ," 104,771 ", 0 ," 64,742 ", 0 ," 33,289 ", 0 ," 12,125 ", 0 
 56 , CUBA ,17075.91, 0 ,10781.08, 0 ," 19,731 ", 0 ," 17,407 ", 0 ," 19,453 ", 0 ," 21,484 ", 0 ,,, 5 , -   ," 357,749 ", 0 ," 261,295 ", 0 ," 522,611 ", 0 ," 519,857 ", 0 ," 359,359 ", 0 ," 468,796 ", 0 ," 65,837 ", 0 ," 78,585 ", 0 ," 245,092 ", 0 
 57 , CYPRUS ,114200.89, 0 ,22192.93, 0 ," 98,191 ", 0 ," 27,275 ", 0 ," 29,991 ", 0 ," 37,524 ", 0 ," 31,254 ", 0 ," 39,062 ", 0 ," 464,710 ", 0 ," 505,271 ", 0 ," 554,924 ", 0 ," 223,390 ", 0 ," 558,182 ", 0 ," 704,095 ", 0 ," 943,900 ", 0 ," 1,151,137 ", 0 ," 122,293 ", 0 
 58 , CZECH REPUBLIC ,83299.38, 0 ,84139.40, 0 ," 314,242 ", 0 ," 130,659 ", 0 ," 136,792 ", 0 ," 237,060 ", 0 ," 230,807 ", 0 ," 318,183 ", 0 ," 187,976 ", 0 ," 242,220 ", 0 ," 150,734 ", 0 ," 151,037 ", 0 ," 257,018 ", 0 ," 531,949 ", 0 ," 730,921 ", 0 ," 708,925 ", 0 ," 173,315 ", 0 
 59 , DENMARK ,267651.55, 0 ,274977.44, 0 ," 145,274 ", 0 ," 361,644 ", 0 ," 384,978 ", 0 ," 461,024 ", 0 ," 442,504 ", 0 ," 451,489 ", 0 ," 150,917 ", 0 ," 126,869 ", 0 , 902 , 0 ," 1,530 ", 0 ," 154,575 ", 0 ," 231,129 ", 0 ," 964,246 ", 0 ," 947,593 ", 0 ," 53,635 ", 0 
 60 , DJIBOUTI ,160806.39, 0 ,125780.53, 0 ," 37,698 ", 0 ," 229,462 ", 0 ," 223,755 ", 0 ," 184,398 ", 0 ," 145,294 ", 0 ," 133,358 ", 0 ," 1,646 ", 0 ," 1,360 ", 0 ," 207,885 ", 0 ," 179,121 ", 0 ," 1,375 ", 0 ," 2,088 ", 0 ," 264,187 ", 0 ," 287,232 ", 0 , 464 , 0 
 61 , DOMINIC REP ,23514.00, 0 ,26050.62, 0 ," 1,126 ", 0 ," 49,070 ", 0 ," 59,349 ", 0 ," 76,465 ", 0 ," 86,326 ", 0 ," 114,870 ", 0 ," 132,648 ", 0 ," 180,423 ", 0 ," 2,015,277 ", 1 ," 1,772,410 ", 1 ," 153,648 ", 0 ," 227,381 ", 0 ," 2,318 ", 0 ," 2,092 ", 0 ," 30,592 ", 0 
 62 , DOMINICA ,1197.18, 0 ,1410.01, 0 ," 55,276 ", 0 ," 1,359 ", 0 ," 1,311 ", 0 ," 1,477 ", 0 ," 1,552 ", 0 , 954 , 0 ," 1,385,513 ", 1 ," 1,542,054 ", 1 ," 54,874 ", 0 ," 56,255 ", 0 ," 1,676,019 ", 1 ," 2,792,214 ", 1 ," 321,624 ", 0 ," 380,382 ", 0 ," 487,461 ", 1 
 63 , ECUADOR ,58350.32, 0 ,42398.20, 0 ," 902,643 ", 1 ," 112,362 ", 0 ," 143,393 ", 0 ," 176,068 ", 0 ," 137,505 ", 0 ," 100,006 ", 0 ," 40,506 ", 0 ," 44,780 ", 0 ," 8,392 ", 0 ," 7,771 ", 0 ," 62,114 ", 0 ," 120,684 ", 0 ," 3,312,344 ", 1 ," 2,915,688 ", 1 ," 19,817 ", 0 
 64 , EGYPT A RP ,759464.44, 1 ,663818.34, 1 ," 10,945 ", 0 ," 1,173,550 ", 1 ," 1,571,394 ", 1 ," 1,556,074 ", 1 ," 1,844,254 ", 1 ," 1,527,181 ", 1 ," 7,534 ", 0 ," 6,949 ", 0 ," 6,199 ", 0 ," 4,201 ", 0 ," 10,506 ", 0 ," 9,267 ", 0 ," 101,786 ", 0 ," 106,731 ", 0 ," 1,875 ", 0 
 65 , EL SALVADOR ,7676.42, 0 ,6313.04, 0 ," 5,189 ", 0 ," 18,107 ", 0 ," 30,487 ", 0 ," 39,413 ", 0 ," 37,583 ", 0 ," 44,821 ", 0 ," 2,155 ", 0 ," 4,791 ", 0 ," 44,955 ", 0 ," 46,298 ", 0 ," 7,003 ", 0 ," 13,120 ", 0 ," 18,556 ", 0 ," 22,191 ", 0 ," 1,353 ", 0 
 66 , EQUTL GUINEA ,2969.06, 0 ,3616.87, 0 ," 11,206 ", 0 ," 8,186 ", 0 ," 11,594 ", 0 ," 10,477 ", 0 ," 9,165 ", 0 ," 11,590 ", 0 ," 65,412 ", 0 ," 51,771 ", 0 ," 536,426 ", 0 ," 565,451 ", 0 ," 38,439 ", 0 ," 46,301 ", 0 ," 14,607 ", 0 ," 8,324 ", 0 ," 14,780 ", 0 
 67 , ERITREA ,7354.63, 0 ,13599.65, 0 ," 24,136 ", 0 ," 15,376 ", 0 ," 10,380 ", 0 ," 10,045 ", 0 ," 8,590 ", 0 ," 4,220 ", 0 ," 518,647 ", 0 ," 440,940 ", 0 , 1 , -   , 56 , -   ," 506,976 ", 0 ," 507,683 ", 0 ," 56,760 ", 0 ," 64,038 ", 0 ," 68,635 ", 0 
 68 , ESTONIA ,22455.87, 0 ,13642.83, 0 ," 124,545 ", 0 ," 56,218 ", 0 ," 49,983 ", 0 ," 47,864 ", 0 ," 41,720 ", 0 ," 41,691 ", 0 , 392 , 0 , 193 , 0 ," 2,100 ", 0 , 637 , 0 ,,, 1 , -   ," 469,824 ", 0 ," 405,194 ", 0 , 0 , -   
 69 , ETHIOPIA ,114291.89, 0 ,120614.28, 0 , 18 , -   ," 224,165 ", 0 ," 408,163 ", 0 ," 495,038 ", 0 ," 479,184 ", 0 ," 519,816 ", 0 ," 35,177 ", 0 ," 34,975 ", 0 ," 42,448 ", 0 ," 39,403 ", 0 , 200 , 0 , 200 , 0 , 1 , -   ,,, 134 , 0 
 70 , FALKLAND IS ,42.67, 0 ,17.55, -   , 344 , 0 , 690 , 0 , 1 , -   ,,,,, 2 , -   ," 180,917 ", 0 ," 182,126 ", 0 ," 179,003 ", 0 ," 190,271 ", 0 ," 34,683 ", 0 ," 43,254 ", 0 , 289 , 0 ," 4,917 ", 0 ," 12,083 ", 0 
 71 , FAROE IS. ,27.29, -   ,68.13, 0 ," 12,983 ", 0 , 418 , 0 , 799 , 0 ," 1,854 ", 0 ," 1,576 ", 0 ," 1,146 ", 0 , 987 , 0 ," 1,408 ", 0 ," 1,324 ", 0 , 691 , 0 ," 210,474 ", 0 ," 256,689 ", 0 ," 64,389 ", 0 ," 63,154 ", 0 ," 78,371 ", 0 
 72 , FIJI IS ,39679.98, 0 ,12645.99, 0 ," 116,003 ", 0 ," 17,505 ", 0 ," 22,343 ", 0 ," 29,511 ", 0 ," 30,336 ", 0 ," 28,799 ", 0 ," 2,777 ", 0 ," 4,098 ", 0 ," 3,813 ", 0 ," 4,274 ", 0 ," 1,312 ", 0 ," 1,549 ", 0 ," 427,960 ", 0 ," 482,563 ", 0 , 299 , 0 
 73 , FINLAND ,120559.43, 0 ,98365.49, 0 ," 1,635 ", 0 ," 151,226 ", 0 ," 172,483 ", 0 ," 252,903 ", 0 ," 201,777 ", 0 ," 162,885 ", 0 ," 3,517,870 ", 2 ," 3,158,610 ", 2 ," 3,657,423 ", 2 ," 3,611,160 ", 2 ," 4,177 ", 0 ," 6,878 ", 0 ," 1,208 ", 0 ," 1,218 ", 0 ," 1,397 ", 0 
 74 , FR GUIANA ,17546.61, 0 ,1088.04, 0 , 491 , 0 , 761 , 0 ," 1,814 ", 0 ," 21,948 ", 0 ," 36,415 ", 0 , 765 , 0 ," 29,043 ", 0 ," 29,072 ", 0 ," 38,645 ", 0 ," 32,206 ", 0 ," 3,532,922 ", 2 ," 4,960,510 ", 2 ," 8,154 ", 0 ," 9,931 ", 0 ," 1,411,936 ", 2 
 75 , FR POLYNESIA ,587.01, 0 ,381.39, 0 , 1 , -   ," 5,697 ", 0 , 964 , 0 ," 1,704 ", 0 ," 1,884 ", 0 ," 2,505 ", 0 ," 41,773 ", 0 ," 77,522 ", 0 ," 109,723 ", 0 ," 93,701 ", 0 ," 43,438 ", 0 ," 39,504 ", 0 ," 6,104,859 ", 2 ," 5,912,570 ", 2 ," 10,610 ", 0 
 76 , FR S ANT TR ,0.78, -   ,0.36, -   ," 2,368,748 ", 2 , 9 , -   , 3 , -   ,,,,, 39 , -   ," 60,884 ", 0 ," 49,774 ", 0 ," 77,356 ", 0 ," 58,758 ", 0 ," 95,730 ", 0 ," 114,077 ", 0 ," 64,737 ", 0 ," 60,126 ", 0 ," 17,034 ", 0 
 77 , FRANCE ,1377671.15, 2 ,1799941.28, 2 ," 17,069 ", 0 ," 2,202,080 ", 2 ," 2,710,586 ", 2 ," 3,095,127 ", 2 ," 3,032,342 ", 2 ," 3,032,612 ", 2 ," 4,815,370 ", 3 ," 5,599,363 ", 3 ," 6,220,063 ", 3 ," 5,872,262 ", 3 ," 73,551 ", 0 ," 122,137 ", 0 ," 98,596 ", 0 ," 145,449 ", 0 ," 29,443 ", 0 
 78 , GABON ,9922.00, 0 ,11760.52, 0 ," 18,947 ", 0 ," 22,705 ", 0 ," 29,505 ", 0 ," 32,120 ", 0 ," 26,027 ", 0 ," 24,166 ", 0 ," 456,586 ", 0 ," 409,802 ", 0 ," 500,679 ", 0 ," 437,452 ", 0 ," 6,011,271 ", 3 ," 7,371,638 ", 2 ," 213,195 ", 0 ," 163,377 ", 0 ," 1,368,545 ", 2 
 79 , GAMBIA ,14067.84, 0 ,17487.86, 0 ," 33,182 ", 0 ," 30,928 ", 0 ," 30,206 ", 0 ," 51,573 ", 0 ," 44,902 ", 0 ," 39,134 ", 0 ," 863,155 ", 0 ," 187,844 ", 0 ," 401,793 ", 0 ," 444,137 ", 0 ," 637,869 ", 0 ," 826,936 ", 0 ," 8,139,691 ", 2 ," 8,145,947 ", 2 ," 159,632 ", 0 
 80 , GEORGIA ,33414.71, 0 ,26265.96, 0 ," 3,071,854 ", 3 ," 59,041 ", 0 ," 67,455 ", 0 ," 55,469 ", 0 ," 53,005 ", 0 ," 54,218 ", 0 ," 255,016 ", 0 ," 279,522 ", 0 ," 350,287 ", 0 ," 316,194 ", 0 ," 153,581 ", 0 ," 368,347 ", 0 ," 771,844 ", 0 ," 910,344 ", 0 , 87 , 0 
 81 , GERMANY ,2919475.35, 3 ,2563293.28, 3 ," 263,684 ", 0 ," 3,796,532 ", 3 ," 3,940,811 ", 2 ," 4,551,944 ", 2 ," 4,606,197 ", 2 ," 4,645,663 ", 3 , 0 , -   , 5 , -   , 2 , -   , 19 , -   ," 404,416 ", 0 ," 805,277 ", 0 ," 361,329 ", 0 ," 688,464 ", 0 ," 134,617 ", 0 
 82 , GHANA ,249717.48, 0 ,184445.29, 0 ," 67,105 ", 0 ," 384,306 ", 0 ," 404,967 ", 0 ," 504,519 ", 0 ," 416,979 ", 0 ," 409,083 ", 0 ," 2,028 ", 0 ," 1,700 ", 0 ," 2,638 ", 0 ," 1,978 ", 0 , 826 , 0 ," 1,036 ", 0 ," 630,904 ", 0 ," 873,560 ", 0 , 3 , -   
 83 , GIBRALTAR ,4025.93, 0 ,299644.52, 0 ," 165,739 ", 0 ," 139,984 ", 0 , 145 , 0 ," 60,580 ", 0 ," 393,328 ", 0 ," 779,621 ", 0 ," 2,940 ", 0 ," 3,448 ", 0 ," 2,395 ", 0 ," 5,653 ", 0 ," 2,114 ", 0 ," 2,950 ", 0 , 28 , -   , 189 , 0 , 196 , 0 
 84 , GREECE ,406323.82, 0 ,214976.71, 0 , 47 , -   ," 377,226 ", 0 ," 163,237 ", 0 ," 202,545 ", 0 ," 220,425 ", 0 ," 220,347 ", 0 , 327 , 0 , 568 , 0 , 457 , 0 , 644 , 0 ," 1,970 ", 0 ," 2,675 ", 0 ," 3,120 ", 0 ," 3,647 ", 0 , 653 , 0 
 85 , GREENLAND ,38.41, -   ,177.83, 0 , 462 , 0 , 134 , 0 , 255 , 0 ," 1,054 ", 0 , 690 , 0 ," 5,693 ", 0 ," 161,732 ", 0 ," 188,219 ", 0 ," 213,691 ", 0 ," 206,753 ", 0 , 552 , 0 ," 1,255 ", 0 ," 2,715 ", 0 ," 3,820 ", 0 , 135 , 0 
 86 , GRENADA ,207.18, 0 ,308.04, 0 ," 2,831 ", 0 , 495 , 0 , 464 , 0 , 895 , 0 , 819 , 0 ," 1,222 ", 0 ,,, 20 , -   , 0 , -   , 0 , -   ," 244,758 ", 0 ," 411,218 ", 0 , 517 , 0 , 700 , 0 ," 85,697 ", 0 
 87 , GUADELOUPE ,684.83, 0 ,1687.70, 0 , 826 , 0 ," 3,350 ", 0 ," 3,591 ", 0 ," 3,948 ", 0 ," 2,537 ", 0 ," 1,872 ", 0 ," 237,889 ", 0 ," 243,647 ", 0 ," 282,836 ", 0 ," 251,587 ", 0 , -   , -   ,,," 373,750 ", 0 ," 462,899 ", 0 ," 141,800 ", 0 
 88 , GUAM ,248.38, 0 ,276.17, 0 ," 51,390 ", 0 , 930 , 0 , 550 , 0 , 168 , 0 , 255 , 0 , 251 , 0 ," 14,520 ", 0 ," 6,885 ", 0 ," 7,563 ", 0 ," 6,363 ", 0 ," 371,576 ", 0 ," 418,260 ", 0 ," 506,361 ", 0 ," 576,427 ", 0 ," 1,511 ", 0 
 89 , GUATEMALA ,36984.11, 0 ,41055.31, 0 ," 43,866 ", 0 ," 92,124 ", 0 ," 122,210 ", 0 ," 128,931 ", 0 ," 140,100 ", 0 ," 167,572 ", 0 ," 13,450 ", 0 ," 16,779 ", 0 ," 20,722 ", 0 ," 17,867 ", 0 ," 13,339 ", 0 ," 7,908 ", 0 ," 7,953 ", 0 ," 5,782 ", 0 ," 12,212 ", 0 
 90 , GUINEA ,35446.38, 0 ,37671.90, 0 ," 1,389 ", 0 ," 62,648 ", 0 ," 112,040 ", 0 ," 123,699 ", 0 ," 173,476 ", 0 ," 181,825 ", 0 ," 47,909 ", 0 ," 60,585 ", 0 ," 55,504 ", 0 ," 46,474 ", 0 ," 26,286 ", 0 ," 49,531 ", 0 ," 49,984 ", 0 ," 82,335 ", 0 ," 3,106 ", 0 
 91 , GUINEA BISSAU ,16491.57, 0 ,1494.50, 0 ," 7,318 ", 0 ," 6,222 ", 0 ," 5,870 ", 0 ," 11,696 ", 0 ," 5,963 ", 0 ," 9,534 ", 0 ,,, 24 , -   , 19 , -   ,,," 79,638 ", 0 ," 74,167 ", 0 ," 70,362 ", 0 ," 87,402 ", 0 ," 35,643 ", 0 
 92 , GUYANA ,5555.41, 0 ,7715.78, 0 ," 27,537 ", 0 ," 10,224 ", 0 ," 11,949 ", 0 ," 14,695 ", 0 ," 14,947 ", 0 ," 14,288 ", 0 ," 90,447 ", 0 ," 94,251 ", 0 ," 116,879 ", 0 ," 131,352 ", 0 ," 120,429 ", 0 ," 236,871 ", 0 ," 219,084 ", 0 ," 220,143 ", 0 ," 774,253 ", 1 
 93 , HAITI ,20342.04, 0 ,15668.16, 0 , 205 , 0 ," 23,110 ", 0 ," 34,680 ", 0 ," 35,831 ", 0 ," 52,378 ", 0 ," 40,614 ", 0 ," 9,411,493 ", 5 ," 9,467,735 ", 5 ," 9,111,742 ", 4 ," 7,775,243 ", 4 ," 7,520,143 ", 3 ," 8,183,453 ", 3 ," 7,949,742 ", 2 ," 6,829,915 ", 2 ," 71,199 ", 0 
 94 , HEARD MACDONALD ,0.09, -   ,0.63, -   ," 28,809 ", 0 ,,, 1 , -   , 16 , -   , 35 , -   ,,," 272,507 ", 0 ," 259,549 ", 0 ," 320,458 ", 0 ," 300,344 ", 0 ," 366,754 ", 0 ," 410,612 ", 0 ," 462,527 ", 0 ," 464,769 ", 0 ," 1,450 ", 0 
 95 , HONDURAS ,31588.43, 0 ,21515.76, 0 ," 4,703,842 ", 4 ," 44,210 ", 0 ," 59,976 ", 0 ," 65,531 ", 0 ," 114,965 ", 0 ," 101,414 ", 0 ," 11,210 ", 0 ," 3,802 ", 0 ," 21,791 ", 0 ," 7,145 ", 0 ," 8,078 ", 0 ," 8,780 ", 0 ," 8,378 ", 0 ," 10,064 ", 0 ," 782,813 ", 1 
 96 , HONG KONG ,3039069.39, 4 ,3730053.40, 4 ," 96,805 ", 0 ," 6,187,723 ", 4 ," 6,689,817 ", 4 ," 7,724,096 ", 4 ," 8,311,857 ", 4 ," 7,930,702 ", 5 ," 2,340,069 ", 1 ," 2,556,176 ", 1 ," 3,687,106 ", 2 ," 2,929,938 ", 1 ," 3,715,669 ", 2 ," 6,319,650 ", 2 ," 8,033,518 ", 2 ," 4,951,517 ", 1 ," 190,180 ", 0 
 97 , HUNGARY ,199667.93, 0 ,128182.66, 0 ," 38,606 ", 0 ," 151,592 ", 0 ," 176,181 ", 0 ," 207,994 ", 0 ," 213,422 ", 0 ," 225,840 ", 0 ," 53,433 ", 0 ," 22,401 ", 0 ," 2,446,096 ", 1 ," 2,385,429 ", 1 ," 1,321,185 ", 1 ," 1,083,118 ", 0 ," 1,327,244 ", 0 ," 1,011,729 ", 0 ," 470,053 ", 1 
 98 , ICELAND ,5708.88, 0 ,8015.05, 0 ," 2,592,441 ", 2 ," 15,985 ", 0 ," 14,093 ", 0 ," 11,979 ", 0 ," 12,200 ", 0 ," 12,176 ", 0 ," 1,595,528 ", 1 ," 1,709,371 ", 1 ," 1,250,650 ", 1 ," 1,328,660 ", 1 ," 1,110,518 ", 1 ," 1,796,958 ", 1 ," 2,177,664 ", 1 ," 2,776,676 ", 1 ," 86,499 ", 0 
 99 , INDONESIA ,1157782.95, 1 ,1460463.91, 2 ," 1,133,689 ", 1 ," 3,210,070 ", 2 ," 2,899,609 ", 2 ," 2,933,987 ", 2 ," 2,467,435 ", 1 ," 1,844,607 ", 1 ," 745,645 ", 0 ," 942,265 ", 0 ," 371,498 ", 0 ," 378,332 ", 0 ," 416,968 ", 0 ," 513,013 ", 0 ," 467,244 ", 0 ," 582,090 ", 0 ," 270,926 ", 0 
 100 , IRAN ,1156517.42, 1 ,880743.32, 1 ," 307,506 ", 0 ," 1,151,165 ", 1 ," 1,825,481 ", 1 ," 3,005,657 ", 2 ,,," 4,792 ", 0 ," 325,536 ", 0 ," 345,502 ", 0 ," 2,595,875 ", 1 ," 2,380,739 ", 1 ," 1,997,978 ", 1 ," 3,577,046 ", 1 ," 6,827,425 ", 2 ," 3,748,205 ", 1 ," 1,145,438 ", 2 
 101 , IRAQ ,198127.14, 0 ,226331.18, 0 ," 122,915 ", 0 ," 370,850 ", 0 ," 697,278 ", 0 ," 552,497 ", 0 ," 2,552,962 ", 1 ," 1,817,671 ", 1 ," 2,069,804 ", 1 ," 2,168,736 ", 1 ," 3,908,779 ", 2 ," 3,525,935 ", 2 ," 3,499,172 ", 2 ," 6,095,957 ", 2 ," 6,976,287 ", 2 ," 7,255,314 ", 2 ," 11,765 ", 0 
 102 , IRELAND ,203497.12, 0 ,123564.18, 0 ," 1,328,260 ", 1 ," 183,650 ", 0 ," 210,291 ", 0 ," 250,897 ", 0 ," 508,954 ", 0 ," 654,976 ", 0 ," 3,285,790 ", 2 ," 3,680,607 ", 2 ," 38,833 ", 0 ," 40,204 ", 0 ," 47,436 ", 0 ," 60,089 ", 0 ," 70,521 ", 0 ," 90,377 ", 0 ," 760,356 ", 1 
 103 , ISRAEL ,658430.72, 1 ,928943.79, 1 ," 2,069,068 ", 2 ," 1,932,660 ", 1 ," 2,034,668 ", 1 ," 2,275,714 ", 1 ," 467,133 ", 0 ," 344,295 ", 0 ," 28,849 ", 0 ," 33,684 ", 0 ," 3,401,029 ", 1 ," 3,200,287 ", 1 ," 3,281,818 ", 2 ," 4,604,199 ", 1 ," 4,383,430 ", 1 ," 4,269,323 ", 1 ,,
 104 , ITALY ,1736487.94, 2 ,1607224.74, 2 ," 10,151 ", 0 ," 2,327,166 ", 2 ," 2,377,873 ", 1 ," 3,188,717 ", 2 ," 2,007,125 ", 1 ," 1,846,687 ", 1 ," 2,578,624 ", 1 ," 3,050,599 ", 2 ,,, 0 , -   ," 467,334 ", 0 ," 662,510 ", 0 ,,, 0 , -   ," 96,958 ", 0 
 105 , JAMAICA ,10342.24, 0 ,9859.82, 0 ," 2,317,903 ", 2 ," 12,805 ", 0 ," 16,204 ", 0 ," 21,854 ", 0 ," 3,111,842 ", 2 ," 2,763,465 ", 2 ,,, 1 , -   ," 405,807 ", 0 ," 677,087 ", 0 ," 167,239 ", 0 ," 175,648 ", 0 ," 1,721,010 ", 0 ," 1,212,862 ", 0 ," 41,902 ", 0 
 106 , JAPAN ,1380771.30, 2 ,1714278.60, 2 ," 220,230 ", 0 ," 3,051,134 ", 2 ," 3,321,416 ", 2 ," 4,125,345 ", 2 ," 23,174 ", 0 ," 26,349 ", 0 ," 350,435 ", 0 ," 347,843 ", 0 ," 100,412 ", 0 ," 143,560 ", 0 ," 1,403,084 ", 1 ," 1,962,269 ", 1 ," 349,940 ", 0 ," 195,929 ", 0 ," 292,287 ", 0 
 107 , JORDAN ,196036.40, 0 ,116368.75, 0 ," 78,443 ", 0 ," 397,686 ", 0 ," 545,265 ", 0 ," 982,730 ", 1 ," 3,283,569 ", 2 ," 3,043,467 ", 2 ," 81,084 ", 0 ," 80,792 ", 0 ," 1,444,068 ", 1 ," 1,493,657 ", 1 , 530 , 0 ," 1,223 ", 0 ," 2,628,344 ", 1 ," 2,631,295 ", 1 ," 1,376 ", 0 
 108 , KAZAKHSTAN ,60244.72, 0 ,64821.66, 0 ," 994,753 ", 1 ," 117,145 ", 0 ," 155,914 ", 0 ," 158,010 ", 0 ," 869,670 ", 0 ," 326,543 ", 0 ," 1,471,468 ", 1 ," 1,272,449 ", 1 , 255 , 0 , 272 , 0 ," 2,088 ", 0 , 253 , 0 ," 1,220 ", 0 , 858 , 0 , 51 , 0 
 109 , KENYA ,614088.18, 1 ,689241.82, 1 , 57 , 0 ," 1,098,722 ", 1 ," 2,052,570 ", 1 ," 2,359,554 ", 1 ," 153,244 ", 0 ," 99,437 ", 0 , 316 , 0 , 355 , 0 ," 19,112 ", 0 ," 6,375 ", 0 ," 3,469,423 ", 2 ," 6,034,957 ", 2 ," 1,372 ", 0 ," 1,700 ", 0 ," 730,428 ", 1 
 110 , KIRIBATI REP ,980.00, 0 ,155.90, 0 ," 149,100 ", 0 , 589 , 0 , 194 , 0 , 579 , 0 ," 2,514,813 ", 1 ," 1,977,751 ", 1 ," 30,064 ", 0 ," 37,219 ", 0 ," 3,287,797 ", 1 ," 3,433,765 ", 2 ," 779,651 ", 0 ," 926,388 ", 0 ," 5,327,535 ", 1 ," 5,311,499 ", 1 ," 296,760 ", 0 
 111 , KOREA DP RP ,403661.57, 0 ,199342.66, 0 ," 1,695,281 ", 1 ," 110,708 ", 0 ," 109,939 ", 0 ," 114,326 ", 0 , 616 , 0 , 615 , 0 ," 2,843,672 ", 2 ," 2,875,144 ", 1 ," 931,940 ", 0 ," 911,191 ", 0 ," 28,605 ", 0 ," 24,514 ", 0 ," 1,255,483 ", 0 ," 1,743,093 ", 0 ," 6,148 ", 0 
 112 , KOREA RP ,1835359.19, 2 ,1612681.15, 2 ," 844,710 ", 1 ," 2,076,776 ", 1 ," 2,287,025 ", 1 ," 2,547,092 ", 1 ," 46,806 ", 0 ," 72,976 ", 0 ," 1,004,666 ", 1 ," 880,376 ", 0 ," 20,959 ", 0 ," 20,641 ", 0 ," 20,338 ", 0 ," 10,911 ", 0 ," 42,212 ", 0 ," 37,847 ", 0 ," 1,955 ", 0 
 113 , KUWAIT ,362840.57, 0 ,371037.53, 0 ," 11,725 ", 0 ," 566,532 ", 0 ," 577,830 ", 0 ," 643,494 ", 0 ," 2,808,474 ", 1 ," 2,304,348 ", 1 ," 20,384 ", 0 ," 18,427 ", 0 ," 27,505 ", 0 ," 17,738 ", 0 ," 76,676 ", 0 ," 98,953 ", 0 ," 13,660 ", 0 ," 10,659 ", 0 ," 30,538 ", 0 
 114 , KYRGHYZSTAN ,10385.08, 0 ,12691.45, 0 ," 5,944 ", 0 ," 14,666 ", 0 ," 19,038 ", 0 ," 20,820 ", 0 ," 733,291 ", 0 ," 816,059 ", 0 ," 17,221 ", 0 ," 16,116 ", 0 ," 81,020 ", 0 ," 84,444 ", 0 ," 140,719 ", 0 ," 233,795 ", 0 ," 151,126 ", 0 ," 182,514 ", 0 ," 45,416 ", 0 
 115 , LAO PD RP ,4445.31, 0 ,8120.26, 0 ," 47,110 ", 0 ," 7,320 ", 0 ," 15,713 ", 0 ," 30,499 ", 0 ," 23,054 ", 0 ," 16,358 ", 0 ," 77,575 ", 0 ," 72,291 ", 0 ," 187,778 ", 0 ," 144,156 ", 0 ," 29,531 ", 0 ," 8,157 ", 0 ," 322,900 ", 0 ," 285,447 ", 0 ," 1,153 ", 0 
 116 , LATVIA ,20389.30, 0 ,22199.04, 0 ," 80,296 ", 0 ," 46,042 ", 0 ," 56,674 ", 0 ," 61,733 ", 0 ," 41,294 ", 0 ," 24,612 ", 0 ," 141,206 ", 0 ," 165,705 ", 0 ," 21,343 ", 0 ," 28,795 ", 0 ," 167,157 ", 0 ," 184,385 ", 0 ," 11,931 ", 0 ," 4,609 ", 0 ," 66,715 ", 0 
 117 , LEBANON ,61349.66, 0 ,62368.92, 0 ," 8,448 ", 0 ," 112,040 ", 0 ," 136,515 ", 0 ," 177,569 ", 0 ," 59,964 ", 0 ," 51,871 ", 0 ," 22,233 ", 0 ," 20,334 ", 0 ," 124,880 ", 0 ," 154,914 ", 0 ," 113,960 ", 0 ," 178,919 ", 0 ," 208,199 ", 0 ," 201,541 ", 0 ," 126,030 ", 0 
 118 , LESOTHO ,15730.64, 0 ,6779.36, 0 ," 20,046 ", 0 ," 10,133 ", 0 ," 10,003 ", 0 ," 18,858 ", 0 ," 170,847 ", 0 ," 157,070 ", 0 ," 97,884 ", 0 ," 165,816 ", 0 ," 110,014 ", 0 ," 130,690 ", 0 ," 2,791 ", 0 ," 1,458 ", 0 ," 272,968 ", 0 ," 468,321 ", 0 , 227 , 0 
 119 , LIBERIA ,13483.02, 0 ,13993.12, 0 ," 60,130 ", 0 ," 38,003 ", 0 ," 69,323 ", 0 ," 154,578 ", 0 ," 23,436 ", 0 ," 19,620 ", 0 ," 80,457 ", 0 ," 78,656 ", 0 ," 2,373 ", 0 ," 3,081 ", 0 ," 120,707 ", 0 ," 247,050 ", 0 , 242 , 0 , 730 , 0 ," 41,926 ", 0 
 120 , LIBYA ,59829.60, 0 ,105495.91, 0 , 75 , 0 ," 30,207 ", 0 ," 117,077 ", 0 ," 173,360 ", 0 ," 126,502 ", 0 ," 87,403 ", 0 , 495 , 0 ," 1,798 ", 0 ," 89,051 ", 0 ," 78,550 ", 0 ," 9,326 ", 0 ," 10,856 ", 0 ," 284,908 ", 0 ," 260,445 ", 0 ," 9,158 ", 0 
 121 , LIECHTENSTEIN ,2109.99, 0 ,27.37, -   ," 37,921 ", 0 , 65 , -   , 149 , 0 , 194 , 0 ," 99,870 ", 0 ," 80,122 ", 0 ," 64,368 ", 0 ," 66,939 ", 0 ," 20,912 ", 0 ," 14,438 ", 0 ," 6,696 ", 0 ," 8,938 ", 0 ," 33,486 ", 0 ," 32,807 ", 0 , 374 , 0 
 122 , LITHUANIA ,27293.60, 0 ,31131.95, 0 ," 8,563 ", 0 ," 65,749 ", 0 ," 80,254 ", 0 ," 63,495 ", 0 , 118 , 0 , 546 , 0 ," 7,702 ", 0 ," 7,343 ", 0 , 729 , 0 ," 4,498 ", 0 ," 17,150 ", 0 ," 22,792 ", 0 ," 3,521 ", 0 , 795 , 0 ," 4,632 ", 0 
 123 , LUXEMBOURG ,5138.89, 0 ,2250.22, 0 , 654 , 0 ," 4,317 ", 0 ," 4,465 ", 0 ," 7,048 ", 0 ," 63,100 ", 0 ," 57,862 ", 0 ," 1,015 ", 0 ," 8,945 ", 0 ," 13,681 ", 0 ," 16,022 ", 0 ," 240,657 ", 0 ," 262,010 ", 0 ," 22,488 ", 0 ," 30,339 ", 0 ," 31,808 ", 0 
 124 , MACAO ,2580.30, 0 ,19367.34, 0 ," 3,799 ", 0 , 731 , 0 , 525 , 0 , 989 , 0 ," 5,886 ", 0 ," 5,290 ", 0 ," 9,986 ", 0 ," 11,206 ", 0 ," 138,350 ", 0 ," 213,387 ", 0 ," 112,064 ", 0 ," 112,158 ", 0 ," 425,495 ", 0 ," 191,866 ", 0 ," 16,134 ", 0 
 125 , MACEDONIA ,4755.99, 0 ,3299.50, 0 ," 36,047 ", 0 ," 4,257 ", 0 ," 4,956 ", 0 ," 6,497 ", 0 ," 1,465 ", 0 ," 1,292 ", 0 ," 142,837 ", 0 ," 146,907 ", 0 ," 141,795 ", 0 ," 130,729 ", 0 ," 4,497,079 ", 2 ," 5,212,357 ", 2 ," 92,276 ", 0 ," 72,217 ", 0 ," 1,325,751 ", 2 
 126 , MADAGASCAR ,111534.40, 0 ,41092.14, 0 ," 46,286 ", 0 ," 59,760 ", 0 ," 83,937 ", 0 ," 145,634 ", 0 ," 8,889 ", 0 ," 8,419 ", 0 ," 119,524 ", 0 ," 128,650 ", 0 ," 4,510,372 ", 2 ," 4,510,642 ", 2 ," 145,156 ", 0 ," 498,289 ", 0 ," 5,726,517 ", 2 ," 6,016,559 ", 2 ," 79,822 ", 0 
 127 , MALAWI ,40906.58, 0 ,38696.72, 0 ," 1,767,721 ", 2 ," 70,816 ", 0 ," 83,363 ", 0 ," 134,332 ", 0 ," 102,095 ", 0 ," 128,421 ", 0 ," 3,504,936 ", 2 ," 3,673,821 ", 2 ," 155,689 ", 0 ," 160,809 ", 0 ," 138,270 ", 0 ," 154,598 ", 0 ," 383,517 ", 0 ," 738,770 ", 0 ," 16,697 ", 0 
 128 , MALAYSIA ,1578036.20, 2 ,1350392.32, 2 ," 45,554 ", 0 ," 1,910,321 ", 1 ," 2,414,351 ", 1 ," 2,541,361 ", 1 ," 130,661 ", 0 ," 115,362 ", 0 ," 132,520 ", 0 ," 139,866 ", 0 ," 91,519 ", 0 ," 103,778 ", 0 ," 237,158 ", 0 ," 356,892 ", 0 ," 106,629 ", 0 ," 99,089 ", 0 ," 36,133 ", 0 
 129 , MALDIVES ,59028.43, 0 ,37849.50, 0 ," 29,610 ", 0 ," 59,779 ", 0 ," 66,610 ", 0 ," 64,299 ", 0 ," 3,561,411 ", 2 ," 2,415,933 ", 1 ," 72,287 ", 0 ," 79,644 ", 0 ," 160,644 ", 0 ," 147,351 ", 0 , 458 , 0 , 777 , 0 ," 248,132 ", 0 ," 411,447 ", 0 , 89 , 0 
 130 , MALI ,17907.49, 0 ,19962.95, 0 ," 341,332 ", 0 ," 47,499 ", 0 ," 42,776 ", 0 ," 65,863 ", 0 ," 93,315 ", 0 ," 117,112 ", 0 ," 92,233 ", 0 ," 126,241 ", 0 , 225 , 0 ," 23,135 ", 0 ," 3,149 ", 0 ," 4,660 ", 0 , 384 , 0 ," 1,816 ", 0 , 505 , 0 
 131 , MALTA ,48608.92, 0 ,331357.88, 0 , 89 , 0 ," 409,211 ", 0 ," 216,176 ", 0 ," 102,831 ", 0 ," 81,967 ", 0 ," 70,780 ", 0 , 96 , 0 ," 9,013 ", 0 ," 2,502 ", 0 ," 2,686 ", 0 ," 65,640 ", 0 ," 72,257 ", 0 ," 4,132 ", 0 ," 3,803 ", 0 ," 17,850 ", 0 
 132 , MARSHALL ISLAND ,49.56, 0 ,30.97, -   ," 2,208 ", 0 , 239 , 0 , 49 , -   , 705 , 0 ," 201,788 ", 0 ," 211,728 ", 0 ," 2,767 ", 0 ," 2,854 ", 0 ," 80,501 ", 0 ," 59,594 ", 0 ," 312,516 ", 0 ," 532,593 ", 0 ," 118,109 ", 0 ," 79,808 ", 0 ," 151,204 ", 0 
 133 , MARTINIQUE ,19097.74, 0 ,2621.93, 0 ," 15,254 ", 0 ," 3,042 ", 0 ," 3,199 ", 0 ," 4,660 ", 0 , 76 , -   ," 66,973 ", 0 ," 44,226 ", 0 ," 53,675 ", 0 ," 809,097 ", 0 ," 466,352 ", 0 ," 4,176 ", 0 ," 2,592 ", 0 ," 372,009 ", 0 ," 645,386 ", 0 , 812 , 0 
 134 , MAURITANIA ,16367.53, 0 ,14470.53, 0 ," 386,061 ", 0 ," 22,417 ", 0 ," 22,766 ", 0 ," 35,084 ", 0 ," 3,754 ", 0 ," 2,943 ", 0 ," 591,974 ", 0 ," 694,661 ", 0 ," 1,961 ", 0 ," 2,222 ", 0 ," 2,282,894 ", 1 ," 3,298,130 ", 1 ," 4,511 ", 0 ," 6,271 ", 0 ," 833,789 ", 1 
 135 , MAURITIUS ,439831.09, 1 ,213621.61, 0 ," 415,449 ", 0 ," 676,908 ", 0 ," 713,662 ", 0 ," 607,739 ", 0 ," 36,038 ", 0 ," 38,246 ", 0 , 116 , 0 , 48 , -   ," 2,678,626 ", 1 ," 2,565,261 ", 1 , 531 , 0 , 458 , 0 ," 4,169,332 ", 1 ," 4,408,459 ", 1 , 68 , 0 
 136 , MEXICO ,301051.91, 0 ,281108.28, 0 , 294 , 0 ," 657,845 ", 0 ," 886,220 ", 1 ," 1,357,128 ", 1 ," 1,164,923 ", 1 ," 557,219 ", 0 ," 2,320,559 ", 1 ," 2,438,432 ", 1 , 236 , 0 , 373 , 0 ," 8,564 ", 0 ," 6,738 ", 0 , 475 , 0 , 513 , 0 ," 1,633 ", 0 
 137 , MICRONESIA ,41.97, -   ,77.98, 0 ," 3,429 ", 0 , 96 , 0 , 102 , 0 , 337 , 0 ," 1,752,717 ", 1 ," 1,879,337 ", 1 , 94 , 0 , 192 , 0 ," 6,036 ", 0 ," 6,150 ", 0 ," 1,413 ", 0 ," 2,667 ", 0 ," 9,647 ", 0 ," 10,357 ", 0 , 466 , 0 
 138 , MOLDOVA ,3065.25, 0 ,3094.92, 0 , 477 , 0 ," 3,575 ", 0 ," 4,855 ", 0 ," 6,358 ", 0 , 141 , 0 , 234 , 0 ," 4,500 ", 0 ," 4,604 ", 0 ," 1,766 ", 0 ," 1,393 ", 0 ," 13,996 ", 0 ," 19,358 ", 0 ," 2,218 ", 0 ," 1,954 ", 0 ," 4,647 ", 0 
 139 , MONACO ,158.76, 0 ,193.69, 0 ," 9,417 ", 0 , 252 , 0 , 408 , 0 , 186 , 0 ," 5,373 ", 0 ," 5,100 ", 0 ," 1,027 ", 0 ," 1,253 ", 0 ," 15,801 ", 0 ," 11,524 ", 0 ," 14,811 ", 0 ," 16,212 ", 0 ," 27,322 ", 0 ," 27,452 ", 0 ," 24,931 ", 0 
 140 , MONGOLIA ,7059.86, 0 ,3714.76, 0 , 238 , 0 ," 16,988 ", 0 ," 13,005 ", 0 ," 9,046 ", 0 , 533 , 0 , 683 , 0 ," 6,552 ", 0 ," 13,206 ", 0 ," 27,060 ", 0 ," 14,171 ", 0 , 49 , -   , 62 , -   ," 22,906 ", 0 ," 28,905 ", 0 , 17 , -   
 141 , MONTSERRAT ,93.28, 0 ,60.70, 0 ," 144,923 ", 0 , 126 , 0 ,,," 18,365 ", 0 ," 4,831 ", 0 ," 5,487 ", 0 ," 24,356 ", 0 ," 33,250 ", 0 , 42 , -   , 42 , -   ," 375,137 ", 0 ," 719,770 ", 0 , 119 , -   , 101 , -   ," 115,109 ", 0 
 142 , MOROCCO ,110544.19, 0 ,118656.44, 0 ," 275,884 ", 0 ," 178,912 ", 0 , 21 , -   , 43 , -   ," 25,809 ", 0 ," 17,211 ", 0 , 413 , 0 , 15 , -   ," 475,220 ", 0 ," 566,207 ", 0 ," 911,437 ", 0 ," 1,473,226 ", 0 ," 842,705 ", 0 ," 855,028 ", 0 ," 196,352 ", 0 
 143 , MOZAMBIQUE ,191948.96, 0 ,169504.92, 0 ," 145,903 ", 0 ," 254,681 ", 0 ," 232,116 ", 0 ," 232,979 ", 0 , 209 , 0 , 633 , 0 ," 250,709 ", 0 ," 278,913 ", 0 ," 753,810 ", 0 ," 1,541,061 ", 1 ," 573,220 ", 0 ," 666,478 ", 0 ," 2,012,368 ", 1 ," 1,650,460 ", 0 ," 77,574 ", 0 
 144 , MYANMAR ,101776.52, 0 ,98472.88, 0 , 63 , 0 ," 264,451 ", 0 ," 544,520 ", 0 ," 767,916 ", 0 ," 199,261 ", 0 ," 224,582 ", 0 ," 677,815 ", 0 ," 580,575 ", 0 ," 845,854 ", 0 ," 691,048 ", 0 , 214 , 0 , 280 , 0 ," 650,323 ", 0 ," 554,901 ", 0 , 2 , -   
 145 , N. MARIANA IS. ,205.42, 0 ,212.81, 0 ," 25,229 ", 0 , 12 , -   ," 296,071 ", 0 ," 480,568 ", 0 ," 1,265,172 ", 1 ," 808,711 ", 0 ," 743,507 ", 0 ," 622,706 ", 0 , 190 , 0 , 105 , -   ," 37,763 ", 0 ," 154,814 ", 0 , 142 , -   , 254 , 0 ," 7,847 ", 0 
 146 , NAMIBIA ,41920.85, 0 ,30049.51, 0 , 50 , -   ," 30,757 ", 0 , 2 , -   , 36 , -   ," 473,624 ", 0 ," 708,235 ", 0 , 9 , -   , 26 , -   ," 57,848 ", 0 ," 47,070 ", 0 , 71 , -   , 231 , 0 ," 191,259 ", 0 ," 376,022 ", 0 , 0 , -   
 147 , NAURU RP ,52.67, 0 ,38.50, -   ," 987,081 ", 1 , 103 , 0 ," 30,856 ", 0 ," 132,950 ", 0 , 52 , -   , 356 , 0 ," 60,277 ", 0 ," 28,293 ", 0 , 361 , 0 , 99 , -   ," 5,046,549 ", 2 ," 7,193,922 ", 2 , 246 , 0 , 70 , -   ," 1,020,198 ", 2 
 148 , NEPAL ,715577.12, 1 ,725131.51, 1 ," 3,494,970 ", 3 ," 1,313,024 ", 1 , 1 , -   , 108 , 0 ," 66,259 ", 0 ," 48,401 ", 0 ," 1,665 ", 0 , 878 , 0 ," 5,430,054 ", 2 ," 5,071,276 ", 2 ," 4,785,837 ", 2 ," 9,372,473 ", 3 ," 6,477,320 ", 2 ," 5,827,488 ", 2 ," 4,394,521 ", 7 
 149 , NETHERLAND ,2888996.20, 3 ,3030093.80, 4 ," 23,952 ", 0 ," 4,390,732 ", 3 ," 1,680,556 ", 1 ," 2,177,023 ", 1 , 12 , -   , 4 , -   ," 3,657,979 ", 2 ," 4,262,368 ", 2 ," 6,156,453 ", 3 ," 5,919,052 ", 3 ," 14,233 ", 0 ," 22,136 ", 0 ," 17,440,918 ", 5 ," 18,526,011 ", 5 ," 1,698 ", 0 
 150 , NETHERLANDANTIL ,8633.71, 0 ,13947.06, 0 ," 7,615 ", 0 ," 18,498 ", 0 ," 5,737,256 ", 4 ," 4,874,447 ", 3 ," 2,785,910 ", 1 ," 2,555,151 ", 1 ," 3,401,704 ", 2 ," 4,034,397 ", 2 ," 21,386 ", 0 ," 21,240 ", 0 ," 8,514 ", 0 ," 14,072 ", 0 ," 24,921 ", 0 ," 17,735 ", 0 ," 1,179 ", 0 
 151 , NEUTRAL ZONE ,4.39, -   ,,," 86,785 ", 0 , 79 , 0 ," 32,736 ", 0 ," 41,618 ", 0 ," 3,864,647 ", 2 ," 3,094,180 ", 2 ," 25,539 ", 0 ," 24,848 ", 0 ," 6,162 ", 0 ," 10,798 ", 0 ," 359,877 ", 0 ," 363,374 ", 0 ," 14,801 ", 0 ," 12,756 ", 0 ," 70,157 ", 0 
 152 , NEW CALEDONIA ,2055.12, 0 ,1667.50, 0 ," 13,634 ", 0 ," 28,910 ", 0 ," 6,858 ", 0 ," 5,331 ", 0 ," 25,013 ", 0 ," 24,259 ", 0 ," 5,436 ", 0 ," 6,604 ", 0 ," 266,097 ", 0 ," 268,227 ", 0 ," 66,322 ", 0 ," 80,066 ", 0 ," 438,264 ", 0 ," 445,652 ", 0 ," 20,109 ", 0 
 153 , NEW ZEALAND ,85696.81, 0 ,121286.29, 0 ," 21,432 ", 0 ," 120,885 ", 0 ," 164,682 ", 0 ," 167,955 ", 0 ," 6,591 ", 0 ," 3,063 ", 0 ," 207,704 ", 0 ," 227,455 ", 0 ," 37,378 ", 0 ," 46,445 ", 0 ," 64,261 ", 0 ," 68,263 ", 0 ," 87,098 ", 0 ," 109,573 ", 0 ," 13,290 ", 0 
 154 , NICARAGUA ,9447.83, 0 ,10956.72, 0 ," 954,166 ", 1 ," 21,901 ", 0 ," 32,284 ", 0 ," 36,101 ", 0 ," 196,895 ", 0 ," 201,460 ", 0 ," 57,825 ", 0 ," 56,278 ", 0 ," 66,471 ", 0 ," 51,923 ", 0 ," 2,315,238 ", 1 ," 3,474,513 ", 1 ," 67,550 ", 0 ," 38,992 ", 0 ," 358,170 ", 1 
 155 , NIGER ,11834.18, 0 ,17910.11, 0 , 4 , -   ," 41,507 ", 0 ," 30,529 ", 0 ," 52,531 ", 0 ," 40,082 ", 0 ," 54,117 ", 0 ," 54,494 ", 0 ," 77,453 ", 0 ," 2,103,991 ", 1 ," 2,560,096 ", 1 , 3 , -   ,,," 4,137,400 ", 1 ," 3,030,467 ", 1 , 135 , 0 
 156 , NIGERIA ,706530.56, 1 ,668124.00, 1 , 350 , 0 ," 1,305,141 ", 1 ," 1,491,669 ", 1 ," 1,618,074 ", 1 ," 47,830 ", 0 ," 52,815 ", 0 ," 1,182,597 ", 1 ," 1,453,526 ", 1 ,,, 58 , -   , 159 , 0 , 133 , -   , 0 , -   ,,," 79,972 ", 0 
 157 , NIUE IS ,3.66, -   ,2.42, -   ," 81,593 ", 0 , 2 , -   , 20 , -   , 9 , -   ," 1,637,591 ", 1 ," 1,452,343 ", 1 , 190 , 0 , 248 , 0 , 132 , 0 , 235 , 0 ," 238,590 ", 0 ," 283,016 ", 0 , 16 , -   , 15 , -   ," 532,202 ", 1 
 158 , NORFOLK IS ,181.99, 0 ,54.74, 0 ," 492,301 ", 0 , 110 , 0 , 267 , 0 , 852 , 0 ,,, 26 , -   ," 164,248 ", 0 ," 232,316 ", 0 ," 218,668 ", 0 ," 297,398 ", 0 ," 1,743,615 ", 1 ," 2,357,250 ", 1 ," 456,533 ", 0 ," 333,573 ", 0 ," 72,125 ", 0 
 159 , NORWAY ,172119.42, 0 ,108873.43, 0 , 25 , -   ," 156,631 ", 0 ," 127,700 ", 0 ," 138,923 ", 0 , 35 , -   , 222 , 0 ," 1,826,217 ", 1 ," 1,571,938 ", 1 ," 1,566,934 ", 1 ," 1,608,081 ", 1 ," 241,471 ", 0 ," 383,119 ", 0 ," 3,589,458 ", 1 ," 3,666,504 ", 1 , 37 , 0 
 160 , OMAN ,354968.47, 0 ,490230.12, 1 ," 925,477 ", 1 ," 641,449 ", 0 ," 1,411,464 ", 1 ," 1,715,605 ", 1 ," 160,631 ", 0 ," 349,279 ", 0 ," 1,222,235 ", 1 ," 1,239,711 ", 1 ," 1,442,651 ", 1 ," 571,773 ", 0 , 156 , 0 , 79 , -   , 225 , 0 ,,," 30,703 ", 0 
 161 , PACIFIC IS ,0.01, -   ,19.72, -   , 18 , -   ," 15,861 ", 0 , 3 , -   , 11 , -   ," 1,454,776 ", 1 ," 1,440,906 ", 1 , 25 , -   , 42 , -   , 62 , -   , 38 , -   ," 112,239 ", 0 ," 258,960 ", 0 ," 501,974 ", 0 ," 986,318 ", 0 ," 11,002 ", 0 
 162 , PAKISTAN IR ,653206.80, 1 ,746102.50, 1 , 202 , 0 ," 744,827 ", 1 ," 1,123,263 ", 1 ," 1,383,234 ", 1 ," 1,135,211 ", 1 ," 1,428,653 ", 1 , 7 , -   , 6 , -   ,,, 4 , -   ," 41,624 ", 0 ," 52,119 ", 0 , 181 , -   , 121 , -   ," 30,363 ", 0 
 163 , PALAU ,99.66, 0 ,6.87, -   ," 56,515 ", 0 , 114 , 0 , 20 , -   , 17 , -   , 41 , -   , 10 , -   ," 147,647 ", 0 ," 146,295 ", 0 ," 159,282 ", 0 ," 168,958 ", 0 ," 119,165 ", 0 ," 157,245 ", 0 ," 252,443 ", 0 ," 245,307 ", 0 ," 134,294 ", 0 
 164 , PANAMA C Z ,439.19, 0 ,325.73, 0 ," 9,980 ", 0 , 219 , 0 , 395 , 0 , 219 , 0 , 42 , -   , 107 , 0 ," 24,315 ", 0 ," 27,038 ", 0 ," 34,697 ", 0 ," 39,583 ", 0 ," 564,800 ", 0 ," 669,218 ", 0 ," 68,954 ", 0 ," 58,030 ", 0 ," 354,659 ", 1 
 165 , PANAMA REPUBLIC ,55942.32, 0 ,37074.82, 0 ," 18,899 ", 0 ," 111,536 ", 0 ," 123,266 ", 0 ," 128,531 ", 0 ," 185,097 ", 0 ," 131,864 ", 0 ," 83,880 ", 0 ," 108,613 ", 0 ," 111,902 ", 0 ," 89,948 ", 0 ," 1,079,060 ", 0 ," 1,571,064 ", 0 ," 125,830 ", 0 ," 175,653 ", 0 ,,
 166 , PAPUA N GNA ,8950.52, 0 ,8357.45, 0 ," 189,980 ", 0 ," 17,007 ", 0 ," 16,221 ", 0 ," 26,826 ", 0 ," 31,856 ", 0 ," 25,721 ", 0 ," 466,829 ", 0 ," 490,373 ", 0 ," 504,025 ", 0 ," 540,859 ", 0 , 87 , -   ,,," 695,597 ", 0 ," 761,664 ", 0 ," 346,946 ", 1 
 167 , PARAGUAY ,17636.87, 0 ,17519.71, 0 ," 400,462 ", 0 ," 32,299 ", 0 ," 45,108 ", 0 ," 53,946 ", 0 ," 65,380 ", 0 ," 64,314 ", 0 ," 993,278 ", 1 ," 1,091,041 ", 1 ," 1,218,941 ", 1 ," 1,081,522 ", 0 ," 1,221,247 ", 1 ," 2,030,564 ", 1 ," 1,680,070 ", 0 ," 1,736,520 ", 0 ," 162,802 ", 0 
 168 , PERU ,139324.62, 0 ,129004.40, 0 , 121 , 0 ," 272,031 ", 0 ," 347,158 ", 0 ," 376,605 ", 0 ," 502,214 ", 0 ," 459,578 ", 0 , 35 , -   , 4 , -   , 9 , -   , 17 , -   ," 622,313 ", 0 ," 887,461 ", 0 , 0 , -   , 1 , -   ," 15,679 ", 0 
 169 , PHILIPPINES ,337935.11, 0 ,354650.05, 0 ," 302,942 ", 0 ," 476,322 ", 0 ," 646,549 ", 0 ," 861,018 ", 0 ," 853,140 ", 0 ," 887,191 ", 1 ," 803,030 ", 0 ," 993,439 ", 1 ," 1,100,446 ", 0 ," 1,096,714 ", 0 ," 115,422 ", 0 ," 207,758 ", 0 ," 1,862,285 ", 1 ," 2,016,668 ", 1 ," 235,747 ", 0 
 170 , PITCAIRN IS. ,12.57, -   ,,," 239,503 ", 0 , 27 , -   , 4 , -   , 36 , -   ," 642,000 ", 0 ," 671,842 ", 0 ," 448,955 ", 0 ," 481,760 ", 0 ," 519,455 ", 0 ," 528,350 ", 0 ," 950,405 ", 0 ," 1,370,326 ", 0 ," 808,834 ", 0 ," 980,219 ", 0 ," 7,458 ", 0 
 171 , POLAND ,234698.64, 0 ,199041.83, 0 ," 29,497 ", 0 ," 376,889 ", 0 ," 441,237 ", 0 ," 604,016 ", 0 ," 388,730 ", 0 ," 386,608 ", 0 ," 70,891 ", 0 ," 50,304 ", 0 ," 97,078 ", 0 ," 96,521 ", 0 ," 32,509 ", 0 ," 43,731 ", 0 ," 213,853 ", 0 ," 116,240 ", 0 ," 137,182 ", 0 
 172 , PORTUGAL ,199195.84, 0 ,176883.87, 0 ," 170,914 ", 0 ," 250,162 ", 0 ," 287,387 ", 0 ," 380,860 ", 0 ," 60,755 ", 0 ," 75,548 ", 0 ," 526,164 ", 0 ," 948,772 ", 0 ," 1,124,422 ", 0 ," 899,530 ", 0 ," 274,662 ", 0 ," 441,558 ", 0 ," 1,580,100 ", 0 ," 1,407,973 ", 0 ," 693,195 ", 1 
 173 , PUERTO RICO ,30438.24, 0 ,41607.61, 0 ," 17,398 ", 0 ," 49,572 ", 0 ," 57,991 ", 0 ," 55,048 ", 0 ," 644,294 ", 0 ," 589,913 ", 0 ," 27,588 ", 0 ," 29,899 ", 0 ," 32,935 ", 0 ," 28,469 ", 0 ," 1,964,970 ", 1 ," 2,423,280 ", 1 ," 38,017 ", 0 ," 37,523 ", 0 ," 16,794 ", 0 
 174 , QATAR ,307192.44, 0 ,255943.18, 0 ," 194,208 ", 0 ," 394,933 ", 0 ," 374,634 ", 0 ," 591,120 ", 0 ," 29,796 ", 0 ," 27,947 ", 0 ," 172,604 ", 0 ," 257,166 ", 0 ," 300,784 ", 0 ," 259,628 ", 0 ," 99,473 ", 0 ," 95,365 ", 0 ," 597,024 ", 0 ," 1,472,750 ", 0 ,,
 175 , REUNION ,17487.09, 0 ,16214.99, 0 ," 770,614 ", 1 ," 23,047 ", 0 ," 26,607 ", 0 ," 31,794 ", 0 ," 255,369 ", 0 ," 167,570 ", 0 ," 1,298,532 ", 1 ," 1,362,202 ", 1 ," 1,672,679 ", 1 ," 2,139,988 ", 1 , 28 , -   , 11 , -   ," 2,546,270 ", 1 ," 3,528,804 ", 1 , 238 , 0 
 176 , ROMANIA ,228655.44, 0 ,157495.59, 0 ," 14,740 ", 0 ," 128,461 ", 0 ," 154,176 ", 0 ," 173,074 ", 0 ," 1,282,356 ", 1 ," 1,040,894 ", 1 ," 59,033 ", 0 ," 58,406 ", 0 ," 101,883 ", 0 ," 87,822 ", 0 ," 2,000 ", 0 ," 1,044 ", 0 ," 115,460 ", 0 ," 110,470 ", 0 , 172 , 0 
 177 , RUSSIA ,495824.21, 1 ,463720.99, 1 , 1 , -   ," 854,690 ", 1 ," 1,249,286 ", 1 ," 1,282,879 ", 1 ," 91,274 ", 0 ," 68,977 ", 0 , 2 , -   , 8 , -   , 2 , -   , 2 , -   , 189 , 0 , 214 , 0 , 24 , -   , 55 , -   , 51 , 0 
 178 , RWANDA ,13672.29, 0 ,12523.63, 0 , 694 , 0 ," 23,186 ", 0 ," 42,350 ", 0 ," 53,083 ", 0 , 17 , -   , 1 , -   ," 1,187 ", 0 ," 1,548 ", 0 ," 1,815 ", 0 ," 2,979 ", 0 ," 1,448 ", 0 ," 1,545 ", 0 , 981 , 0 ," 1,591 ", 0 ," 1,733,668 ", 3 
 179 , SAHARWI A.DM RP ,27.77, -   ,8392.61, 0 , 476 , 0 , 73 , -   ,,, 0 , -   ," 1,514 ", 0 ," 1,461 ", 0 , 153 , 0 , 89 , -   , 107 , -   , 171 , 0 ," 4,335,889 ", 2 ," 6,531,014 ", 2 , 373 , 0 , 430 , 0 ," 143,098 ", 0 
 180 , SAMOA ,317.69, 0 ,676.76, 0 ," 2,129,607 ", 2 ," 1,048 ", 0 ," 1,085 ", 0 ," 2,643 ", 0 , 28 , -   , 173 , 0 , 620 , 0 , 574 , 0 , 827 , 0 ," 1,061 ", 0 ," 515,979 ", 0 ," 710,870 ", 0 ," 1,218 ", 0 ," 1,268 ", 0 ," 14,512 ", 0 
 181 , SAO TOME ,459.77, 0 ,579.68, 0 ," 95,672 ", 0 , 367 , 0 ,,, 0 , -   , 895 , 0 , 609 , 0 ," 3,425,390 ", 2 ," 3,486,798 ", 2 ," 3,885,424 ", 2 ," 4,426,686 ", 2 ," 67,368 ", 0 ," 67,003 ", 0 ," 8,627,137 ", 2 ," 9,574,899 ", 3 ," 10,483 ", 0 
 182 , SAUDI ARAB ,2294014.13, 3 ,1855230.35, 2 ," 12,295 ", 0 ," 2,720,820 ", 2 , 488 , 0 , 559 , 0 ," 6,802,968 ", 4 ," 4,171,203 ", 2 ," 424,647 ", 0 ," 466,841 ", 0 ," 446,081 ", 0 ," 338,825 ", 0 ," 40,949 ", 0 ," 33,525 ", 0 ," 911,453 ", 0 ," 776,052 ", 0 ," 48,860 ", 0 
 183 , SENEGAL ,66069.08, 0 ,89332.24, 0 ," 24,655 ", 0 ," 178,242 ", 0 ," 5,324,443 ", 3 ," 7,386,394 ", 4 ," 317,316 ", 0 ," 366,106 ", 0 ," 33,563 ", 0 ," 38,055 ", 0 ," 50,658 ", 0 ," 59,371 ", 0 ," 112,386 ", 0 ," 133,152 ", 0 ," 66,415 ", 0 ," 88,482 ", 0 ," 2,160,750 ", 3 
 184 , SEYCHELLES ,41355.12, 0 ,9504.44, 0 ," 4,473,173 ", 4 ," 16,675 ", 0 ," 267,322 ", 0 ," 258,007 ", 0 ," 25,865 ", 0 ," 28,298 ", 0 ," 24,110 ", 0 ," 27,126 ", 0 ," 58,633 ", 0 ," 47,969 ", 0 ," 6,438,217 ", 3 ," 8,301,295 ", 3 ," 52,145 ", 0 ," 63,089 ", 0 , 401 , 0 
 185 , SIERRA LEONE ,21858.39, 0 ,17700.98, 0 ," 27,087 ", 0 ," 41,642 ", 0 ,,," 19,295 ", 0 ," 19,871 ", 0 ," 22,440 ", 0 ," 62,807 ", 0 ," 60,220 ", 0 ," 78,316 ", 0 ," 81,643 ", 0 , 1 , -   , 69 , -   ," 191,421 ", 0 ," 221,577 ", 0 ," 33,982 ", 0 
 186 , SINGAPORE ,3775688.18, 4 ,3594829.70, 4 ," 85,230 ", 0 ," 8,036,300 ", 5 ," 21,111 ", 0 ," 30,852 ", 0 ," 49,268 ", 0 ," 59,457 ", 0 ," 6,411,509 ", 3 ," 6,578,931 ", 3 ," 8,094,225 ", 4 ," 6,302,692 ", 3 ," 115,333 ", 0 ," 127,544 ", 0 ," 9,618,496 ", 3 ," 11,939,242 ", 3 ," 80,368 ", 0 
 187 , SLOVAK REP ,16430.93, 0 ,16889.40, 0 , 518 , 0 ," 45,325 ", 0 ," 100,327 ", 0 ," 60,137 ", 0 ," 5,985,398 ", 3 ," 5,053,132 ", 3 , 1 , -   , 5 , -   ,,, 56 , -   ," 262,527 ", 0 ," 368,869 ", 0 , 9 , -   , 375 , 0 , 706 , 0 
 188 , SLOVENIA ,73298.14, 0 ,91744.36, 0 ," 40,621 ", 0 ," 108,598 ", 0 ," 7,399,497 ", 5 ," 7,496,620 ", 4 ," 83,688 ", 0 ," 89,900 ", 0 ," 97,951 ", 0 ," 98,262 ", 0 ," 101,963 ", 0 ," 98,145 ", 0 ," 1,218 ", 0 ," 1,380 ", 0 ," 152,852 ", 0 ," 159,783 ", 0 ," 106,770 ", 0 
 189 , SOLOMON IS ,408.87, 0 ,443.50, 0 ," 1,788,466 ", 2 , 576 , 0 ," 58,234 ", 0 ," 63,120 ", 0 ," 150,261 ", 0 ," 173,629 ", 0 ," 168,650 ", 0 ," 183,188 ", 0 ," 219,635 ", 0 ," 235,877 ", 0 ," 410,482 ", 0 ," 555,705 ", 0 ," 491,401 ", 0 ," 485,871 ", 0 ," 1,209,738 ", 2 
 190 , SOMALIA ,30883.97, 0 ,8282.32, 0 ," 1,168,260 ", 1 ," 71,098 ", 0 ," 149,475 ", 0 ," 127,661 ", 0 ," 3,223 ", 0 ," 1,788 ", 0 ," 1,543 ", 0 , 824 , 0 ," 1,789 ", 0 ," 1,436 ", 0 ," 2,907,508 ", 1 ," 4,535,311 ", 1 ," 2,158 ", 0 ," 2,476 ", 0 ," 3,234 ", 0 
 191 , SOUTH AFRICA ,899429.11, 1 ,975125.38, 1 ," 1,595,089 ", 1 ," 2,272,966 ", 2 , 827 , 0 ," 1,247 ", 0 ," 215,736 ", 0 ," 319,005 ", 0 ," 337,901 ", 0 ," 293,486 ", 0 ," 377,208 ", 0 ," 414,335 ", 0 ," 16,938 ", 0 ," 20,054 ", 0 ," 761,248 ", 0 ," 679,001 ", 0 ," 661,835 ", 1 
 192 , SPAIN ,1138792.36, 1 ,960376.26, 1 , 83 , 0 ," 1,436,678 ", 1 ," 99,176 ", 0 ," 128,726 ", 0 ," 3,236,326 ", 2 ," 2,340,661 ", 1 ," 2,377,798 ", 1 ," 2,465,980 ", 1 ," 2,833,397 ", 1 ," 2,911,431 ", 1 ," 2,396,170 ", 1 ," 3,524,400 ", 1 ," 6,787,323 ", 2 ," 7,208,658 ", 2 ," 595,988 ", 1 
 193 , SRI LANKA DSR ,1089497.01, 1 ,1028960.86, 1 , 336 , 0 ," 2,095,146 ", 1 ," 2,780,338 ", 2 ," 3,076,995 ", 2 ," 1,925,068 ", 1 ," 2,121,295 ", 1 ," 2,187 ", 0 ," 2,280 ", 0 ," 7,359 ", 0 ," 14,252 ", 0 ," 2,585,729 ", 1 ," 4,333,370 ", 1 ," 26,150 ", 0 ," 34,542 ", 0 , 80 , 0 
 194 , ST HELENA ,85.81, 0 ,4.32, -   ," 1,179 ", 0 , 22 , -   ," 1,559,233 ", 1 ," 1,748,990 ", 1 ," 4,103,801 ", 2 ," 3,465,990 ", 2 ," 2,296,439 ", 1 ," 2,575,284 ", 1 ," 2,921,728 ", 1 ," 2,795,371 ", 1 , 126 , 0 ,,," 3,741,007 ", 1 ," 3,967,518 ", 1 , 306 , 0 
 195 , ST KITT N A ,322.13, 0 ,695.16, 0 , 25 , -   , 324 , 0 ," 2,168,769 ", 1 ," 2,764,367 ", 1 , 131 , 0 , 106 , 0 ," 2,623,277 ", 1 ," 2,886,971 ", 1 ," 3,299,621 ", 1 ," 2,693,454 ", 1 , 729 , 0 ," 1,943 ", 0 ," 4,092,267 ", 1 ," 3,411,734 ", 1 ," 2,034 ", 0 
 196 , ST LUCIA ,494.83, 0 ,561.80, 0 , 165 , 0 , 645 , 0 , 18 , -   , 18 , -   , 769 , 0 ," 1,448 ", 0 , 14 , -   , 4 , -   , 11 , -   , 227 , 0 ," 2,510 ", 0 ," 3,036 ", 0 , 42 , -   , 0 , -   , 540 , 0 
 197 , ST PIERRE ,1.31, -   ,23.98, -   ," 222,414 ", 0 ,,, 343 , 0 , 744 , 0 ," 1,306 ", 0 ," 1,761 ", 0 ," 2,074 ", 0 ," 1,852 ", 0 ," 1,667 ", 0 ," 1,812 ", 0 , 466 , 0 , 630 , 0 ," 2,119 ", 0 ," 4,136 ", 0 , 18 , -   
 198 , ST VINCENT ,371.07, 0 ,170.55, 0 ," 5,491 ", 0 , 299 , 0 , 565 , 0 ," 1,387 ", 0 , 1 , -   ,,," 2,902 ", 0 ," 2,617 ", 0 ," 2,782 ", 0 ," 2,293 ", 0 ," 1,465 ", 0 ," 1,478 ", 0 ," 4,133 ", 0 ," 6,018 ", 0 ," 72,843 ", 0 
 199 , SUDAN ,221794.09, 0 ,218200.91, 0 ," 39,223 ", 0 ," 340,626 ", 0 , 22 , -   , 19 , -   , 465 , 0 , 355 , 0 ,,, 7 , -   , 10 , -   ,,," 756,601 ", 0 ," 802,775 ", 0 , 955 , 0 ," 1,973 ", 0 ," 4,550 ", 0 
 200 , SURINAME ,6364.85, 0 ,7848.80, 0 ," 285,791 ", 0 ," 5,055 ", 0 , 190 , 0 ," 1,106 ", 0 ," 539,457 ", 0 ," 510,964 ", 0 , 525 , 0 , 442 , 0 , 513 , 0 , 483 , 0 ," 12,658 ", 0 ," 12,956 ", 0 ," 2,151 ", 0 , 535 , 0 ,,
 201 , SWAZILAND ,20585.39, 0 ,9431.24, 0 ," 313,790 ", 0 ," 11,158 ", 0 ," 411,556 ", 0 ," 521,298 ", 0 ," 10,771 ", 0 ," 8,408 ", 0 ,,, 10 , -   ," 1,039 ", 0 , 771 , 0 ," 18,072 ", 0 ," 20,021 ", 0 ," 1,469,248 ", 0 ," 666,339 ", 0 ," 9,464 ", 0 
 202 , SWEDEN ,257963.42, 0 ,225192.81, 0 ," 223,935 ", 0 ," 395,278 ", 0 ," 16,514 ", 0 ," 14,598 ", 0 ," 24,595 ", 0 ," 38,747 ", 0 ," 502,101 ", 0 ," 530,259 ", 0 ," 643,454 ", 0 ," 779,108 ", 0 ," 564,562 ", 0 ," 772,488 ", 0 ," 9,866 ", 0 ," 24,186 ", 0 ," 163,949 ", 0 
 203 , SWITZERLAND ,352525.70, 0 ,278424.82, 0 ," 1,047,917 ", 1 ," 527,956 ", 0 ," 26,057 ", 0 ," 13,696 ", 0 ," 452,647 ", 0 ," 447,552 ", 0 ," 7,040 ", 0 ," 11,197 ", 0 ," 15,734 ", 0 ," 22,105 ", 0 ," 934,061 ", 0 ," 1,005,378 ", 0 ,,, 88 , -   ," 313,246 ", 1 
 204 , SYRIA ,166657.08, 0 ,163875.33, 0 ," 8,305 ", 0 ," 256,824 ", 0 ," 373,527 ", 0 ," 444,586 ", 0 ," 653,875 ", 0 ," 642,129 ", 0 ," 26,505 ", 0 ," 21,078 ", 0 ,,, 1 , -   ," 92,168 ", 0 ," 78,550 ", 0 ," 11,885 ", 0 ," 20,513 ", 0 ," 17,511 ", 0 
 205 , TAIWAN ,668173.16, 1 ,881271.49, 1 ," 670,141 ", 1 ," 1,598,616 ", 1 ," 607,907 ", 0 ," 1,073,696 ", 1 ," 114,530 ", 0 ," 89,610 ", 0 ," 475,408 ", 0 ," 497,237 ", 0 ," 13,348 ", 0 ," 13,193 ", 0 ," 1,200,649 ", 1 ," 2,055,116 ", 1 ," 772,059 ", 0 ," 843,614 ", 0 ," 250,313 ", 0 
 206 , TAJIKISTAN ,7630.08, 0 ,7452.33, 0 ," 1,034,626 ", 1 ," 10,200 ", 0 ," 140,587 ", 0 ," 140,902 ", 0 ," 1,333,673 ", 1 ," 932,864 ", 1 ," 654,302 ", 0 ," 698,698 ", 0 ," 553,490 ", 0 ," 530,067 ", 0 ," 39,496 ", 0 ," 26,405 ", 0 ," 1,081,304 ", 0 ," 1,263,804 ", 0 ," 5,399 ", 0 
 207 , TANZANIA REP ,472958.89, 1 ,436964.46, 1 ," 245,842 ", 0 ," 769,675 ", 1 ," 1,655,512 ", 1 ," 1,206,047 ", 1 ," 32,807 ", 0 ," 14,549 ", 0 ," 81,676 ", 0 ," 98,852 ", 0 ," 829,177 ", 0 ," 850,530 ", 0 ," 1,064,421 ", 0 ," 1,722,386 ", 1 ," 83,554 ", 0 ," 52,271 ", 0 ," 605,891 ", 1 
 208 , THAILAND ,872399.50, 1 ,822762.26, 1 ," 93,210 ", 0 ," 1,425,353 ", 1 ," 19,136 ", 0 ," 32,728 ", 0 ," 1,513,271 ", 1 ," 1,080,038 ", 1 ," 1,466,604 ", 1 ," 1,389,931 ", 1 ," 108,092 ", 0 ," 112,994 ", 0 ," 3,130,062 ", 1 ," 4,289,768 ", 1 ," 2,110,664 ", 1 ," 1,523,601 ", 0 ," 633,119 ", 1 
 209 , TIMOR LESTE ,422.42, 0 ,577.85, 0 ," 6,724 ", 0 ," 3,740 ", 0 ," 1,173,292 ", 1 ," 2,090,708 ", 1 ," 2,120,921 ", 1 ," 1,955,689 ", 1 ," 13,708 ", 0 ," 15,434 ", 0 ," 1,851,778 ", 1 ," 1,188,440 ", 1 ," 18,662 ", 0 ," 19,425 ", 0 ," 39,610 ", 0 ," 42,684 ", 0 ," 7,849 ", 0 
 210 , TOGO ,65620.17, 0 ,77157.73, 0 , 324 , 0 ," 173,489 ", 0 ," 2,031,024 ", 1 ," 2,243,108 ", 1 ," 1,992 ", 0 ," 2,235 ", 0 ," 1,196,656 ", 1 ," 1,044,000 ", 1 ," 15,628 ", 0 ," 16,663 ", 0 ," 1,139,361 ", 1 ," 2,248,061 ", 1 ," 3,157,854 ", 1 ," 3,826,430 ", 1 ," 549,493 ", 1 
 211 , TOKELAU IS ,15.80, -   ,1.35, -   ," 28,690 ", 0 , 23 , -   ," 1,174 ", 0 ," 1,305 ", 0 ," 420,423 ", 0 ," 350,359 ", 0 ," 2,101,242 ", 1 ," 2,355,130 ", 1 ," 1,192,460 ", 1 ," 1,232,747 ", 1 , 625 , 0 , 990 , 0 ," 4,581,007 ", 1 ," 4,172,172 ", 1 , 20 , -   
 212 , TONGA ,148.77, 0 ,227.17, 0 ," 128,162 ", 0 , 374 , 0 ," 162,840 ", 0 ," 272,141 ", 0 , 0 , -   ,,," 1,551 ", 0 ," 2,139 ", 0 ," 3,110,607 ", 1 ," 3,045,149 ", 1 ," 55,332 ", 0 ," 69,586 ", 0 ," 28,570 ", 0 ," 39,714 ", 0 , 73 , 0 
 213 , TRINIDAD ,143698.43, 0 ,72771.90, 0 ," 1,250,982 ", 1 ," 39,460 ", 0 , 17 , -   , 96 , 0 , 559 , 0 , 726 , 0 ," 211,638 ", 0 ," 263,860 ", 0 ," 3,686 ", 0 ," 4,497 ", 0 ," 195,745 ", 0 ," 303,415 ", 0 ," 4,851,039 ", 1 ," 2,673,622 ", 1 ," 17,360 ", 0 
 214 , TUNISIA ,96789.44, 0 ,100692.71, 0 ," 11,900 ", 0 ," 136,883 ", 0 , 908 , 0 , 640 , 0 ," 101,114 ", 0 ," 60,683 ", 0 , 23 , -   ,,," 487,100 ", 0 ," 739,506 ", 0 ," 2,923,184 ", 1 ," 6,503,732 ", 2 ," 1,165 ", 0 ," 1,315 ", 0 ," 46,134 ", 0 
 215 , TURKEY ,637029.19, 1 ,727779.93, 1 , 24 , -   ," 1,689,401 ", 1 ," 44,379 ", 0 ," 63,013 ", 0 ," 152,611 ", 0 ," 145,889 ", 0 , 806 , 0 , 809 , 0 , 1 , -   , 1 , -   ," 44,426 ", 0 ," 77,568 ", 0 ," 84,135 ", 0 ," 90,264 ", 0 ," 947,460 ", 2 
 216 , TURKMENISTAN ,19145.32, 0 ,17056.93, 0 , 56 , -   ," 21,175 ", 0 ," 162,992 ", 0 ," 166,032 ", 0 ," 3,276,052 ", 2 ," 2,713,560 ", 2 ," 56,691 ", 0 ," 57,170 ", 0 , 243 , 0 , 467 , 0 , 92 , -   , 480 , 0 ," 339,534 ", 0 ," 363,778 ", 0 ," 6,028 ", 0 
 217 , TURKS C IS ,236.38, 0 ,82.33, 0 ," 15,386,613 ", 14 , 84 , 0 ," 2,152,438 ", 1 ," 2,704,238 ", 1 ," 56,322 ", 0 ," 44,662 ", 0 ," 171,247 ", 0 ," 181,650 ", 0 ," 58,465 ", 0 ," 60,230 ", 0 , 2 , -   , 162 , 0 ," 7,726,043 ", 2 ," 5,506,909 ", 2 , 75 , 0 
 218 , TUVALU ,2959.92, 0 ,101.87, 0 ," 3,317,265 ", 3 , 7 , -   ," 38,031 ", 0 ," 44,785 ", 0 , 88 , -   , 106 , 0 ," 3,103,080 ", 2 ," 3,281,480 ", 2 ," 212,654 ", 0 ," 173,636 ", 0 ," 12,333,392 ", 6 ," 20,915,828 ", 7 ," 71,970 ", 0 ," 30,982 ", 0 , 6 , -   
 219 , U ARAB EMTS ,11022907.95, 13 ,11334791.85, 13 ," 11,519,450 ", 10 ," 17,226,847 ", 12 , 178 , 0 , 239 , 0 , 20 , -   , 35 , -   ," 38,663 ", 0 ," 35,047 ", 0 ," 3,805,912 ", 2 ," 3,522,495 ", 2 ," 6,024,490 ", 3 ," 7,799,211 ", 2 ," 1,417 ", 0 , 915 , 0 ," 4,785,800 ", 8 
 220 , U K ,3034457.97, 4 ,2947631.02, 3 ," 133,160 ", 0 ," 4,114,023 ", 3 , 3 , -   , 38 , -   ," 20,185,269 ", 11 ," 19,830,623 ", 12 , 527 , 0 , 737 , 0 ," 32,045 ", 0 ," 23,964 ", 0 ," 38,184,453 ", 18 ," 56,796,119 ", 18 , 201 , 0 , 88 , -   ," 2,248,142 ", 4 
 221 , U S A ,9645841.97, 11 ,9241651.34, 11 ," 233,329 ", 0 ," 16,645,542 ", 11 ," 19,783,205 ", 12 ," 18,477,865 ", 10 ," 5,696,907 ", 3 ," 5,776,986 ", 3 , 55 , -   , 40 , -   , 183 , 0 , 451 , 0 ," 496,814 ", 0 ," 519,917 ", 0 ," 25,385,238 ", 7 ," 29,509,524 ", 8 ," 11,813,979 ", 19 
 222 , UGANDA ,100749.23, 0 ,98077.16, 0 ," 10,732 ", 0 ," 209,471 ", 0 ," 4,687,822 ", 3 ," 5,921,916 ", 3 ," 25,942,752 ", 14 ," 26,386,049 ", 15 ," 20,893,949 ", 11 ," 18,145,693 ", 9 , 1 , -   , 1 , -   ," 333,835 ", 0 ," 351,751 ", 0 ," 9,171,501 ", 3 ," 10,696,407 ", 3 ," 64,547 ", 0 
 223 , UKRAINE ,180771.03, 0 ,136124.32, 0 ," 6,561,989 ", 6 ," 236,234 ", 0 ," 19,674,080 ", 12 ," 23,658,980 ", 12 ," 338,989 ", 0 ," 373,117 ", 0 ," 5,718,182 ", 3 ," 6,243,140 ", 3 ," 21,021,093 ", 9 ," 20,423,782 ", 9 ," 543,338 ", 0 ," 970,701 ", 0 ," 63,015,151 ", 17 ," 64,176,635 ", 18 ," 19,226 ", 0 
 224 , UNION OF SERBIA & MONTENEGRO ,6382.94, 0 ,6057.16, 0 ," 38,835 ", 0 ," 19,784 ", 0 ," 253,217 ", 0 ," 321,688 ", 0 ," 212,821 ", 0 ," 169,664 ", 0 ," 28,300,801 ", 15 ," 30,860,269 ", 16 ," 6,510,480 ", 3 ," 6,188,224 ", 3 ," 77,429 ", 0 ," 112,322 ", 0 ," 449,547 ", 0 ," 420,533 ", 0 ," 496,650 ", 1 
 225 , UNSPECIFIED ,2031903.63, 2 ,1961967.89, 2 ," 27,464 ", 0 ," 7,693,573 ", 5 ," 283,141 ", 0 ," 293,117 ", 0 ," 4,070 ", 0 , 879 , 0 ," 331,546 ", 0 ," 343,072 ", 0 ," 36,648,039 ", 16 ," 37,616,554 ", 17 , 715 , 0 , 246 , 0 ," 106,502 ", 0 ," 143,466 ", 0 ," 19,883 ", 0 
 226 , URUGUAY ,29728.79, 0 ,22875.58, 0 ," 1,131 ", 0 ," 67,550 ", 0 ," 38,695 ", 0 ," 18,213 ", 0 ," 2,529,719 ", 1 ," 1,621,407 ", 1 ," 208,006 ", 0 ," 212,814 ", 0 ," 405,783 ", 0 ," 440,613 ", 0 ," 207,191 ", 0 ," 202,306 ", 0 ," 2,448,254 ", 1 ," 2,472,622 ", 1 , 52 , 0 
 227 , UZBEKISTAN ,20927.32, 0 ,25647.28, 0 ," 79,917 ", 0 ," 43,019 ", 0 ," 2,954,168 ", 2 ," 6,907,257 ", 4 ," 127,018 ", 0 ," 99,590 ", 0 , 102 , 0 , 1 , -   ," 273,603 ", 0 ," 328,622 ", 0 ," 1,666 ", 0 ," 2,352 ", 0 ," 124,483 ", 0 ," 432,683 ", 0 ," 66,661 ", 0 
 228 , VANUATU REP ,2409.86, 0 ,1074.92, 0 ," 1,204,507 ", 1 ," 1,276 ", 0 ," 78,081 ", 0 ," 97,548 ", 0 , 415 , 0 , 112 , 0 ," 1,655,458 ", 1 ," 1,566,195 ", 1 ,,, 0 , -   , 49 , -   , 25 , -   , 92 , -   , 249 , 0 , 414 , 0 
 229 , VENEZUELA ,84764.70, 0 ,86921.27, 0 , 602 , 0 ," 120,391 ", 0 ," 67,965 ", 0 ," 69,241 ", 0 ," 104,192 ", 0 ," 61,839 ", 0 ," 126,265 ", 0 ," 102,773 ", 0 ," 2,032,944 ", 1 ," 1,802,083 ", 1 ," 412,490 ", 0 ," 248,400 ", 0 ," 227,924 ", 0 ," 308,590 ", 0 ,,
 230 , VIETNAM SOC REP ,794947.72, 1 ,867397.61, 1 , 34 , -   ," 1,808,498 ", 1 ," 1,869 ", 0 ," 1,686 ", 0 ," 1,137 ", 0 ," 1,316 ", 0 , 723 , 0 , 337 , 0 ," 126,814 ", 0 ," 104,143 ", 0 ," 3,703,486 ", 2 ," 4,993,741 ", 2 ," 2,717 ", 0 ," 3,242 ", 0 ," 28,888 ", 0 
 231 , VIRGIN IS US ,621.12, 0 ,2038.21, 0 ," 235,168 ", 0 ," 1,874 ", 0 ," 127,721 ", 0 ," 119,554 ", 0 , 74 , -   , 34 , -   ," 72,853 ", 0 ," 85,599 ", 0 , 461 , 0 , 280 , 0 ," 55,933 ", 0 ," 3,195 ", 0 , 128 , -   , 75 , -   ," 725,245 ", 1 
 232 , WALLIS F IS ,70.51, 0 ,74.50, 0 ," 53,905 ", 0 , 100 , 0 ," 2,156,284 ", 1 ," 3,325,325 ", 2 ," 158,004 ", 0 ," 85,175 ", 0 ," 1,394 ", 0 ," 1,464 ", 0 ," 141,656 ", 0 ," 127,577 ", 0 , 17 , -   , 4 , -   ," 142,370 ", 0 ," 145,125 ", 0 , 331 , 0 
 233 , YEMEN REPUBLC ,353281.31, 0 ,345017.76, 0 ," 51,406 ", 0 ," 350,393 ", 0 , 777 , 0 ," 2,419 ", 0 ," 3,831,864 ", 2 ," 3,458,935 ", 2 , 27 , -   , 74 , -   ," 1,386 ", 0 ," 1,711 ", 0 ," 582,440 ", 0 ," 632,919 ", 0 ," 4,754,343 ", 1 ," 4,528,848 ", 1 ," 106,452 ", 0 
 234 , ZAMBIA ,49058.39, 0 ,41821.23, 0 ,,," 101,561 ", 0 , 11 , -   , 0 , -   ," 2,963 ", 0 ," 2,781 ", 0 ," 41,615 ", 0 ," 51,053 ", 0 , 20 , -   , 23 , -   ," 198,741 ", 0 ," 253,957 ", 0 ," 6,147 ", 0 ," 4,831 ", 0 ," 33,392 ", 0 
 235 , ZIMBABWE ,27617.27, 0 ,22902.89, 0 ,,," 61,940 ", 0 ," 802,402 ", 0 ," 788,634 ", 0 , 21 , -   ,,," 4,550,869 ", 2 ," 5,038,838 ", 3 ," 115,405 ", 0 ," 243,944 ", 0 ," 130,499 ", 0 ," 149,392 ", 0 , 1 , -   ,,," 13,293 ", 0 
, India's Total Export ,84075505.87,,84553364.38,,,,,," 132,216 ", 0 ," 228,326 ", 0 ," 604,547 ", 0 ," 263,535 ", 0 ," 3,583 ", 0 ," 1,854 ", 0 ," 4,540,970 ", 2 ," 3,585,131 ", 2 ,,,,," 799,648 ", 0 ," 725,649 ", 0 ,,
,,,,,,,,,," 83,355 ", 0 ," 95,765 ", 0 ," 224,265 ", 0 ," 194,718 ", 0 , 4 , -   , 33 , -   ," 30,040 ", 0 ," 56,387 ", 0 ,,,,," 224,633 ", 0 ," 202,279 ", 0 ,,
 DOC-NIC ,,,,,,,,,,,,,," 137,274 ", 0 ," 133,320 ", 0 ," 298,952 ", 0 ," 363,204 ", 0 ,,, 16 , -   ,,,,," 125,862 ", 0 ," 126,169 ", 0 ,,
,,,,,,,,,,,,,,,,,," 158,946 ", 0 ," 189,758 ", 0 ," 516,924 ", 0 ," 512,021 ", 0 ,,,,,,,,,,
,,,,,,,,,,,,,,,,,," 73,115 ", 0 ," 105,463 ", 0 ," 223,782 ", 0 ," 175,419 ", 0 ,,,,,,,,,,
,,,,,,,,,,,,,,,,,,,,,," 126,882 ", 0 ," 113,750 ", 0 ,,,,,,,,,,
